[33mChecking dependencies...[0m [32mdone[0m
[33mCopying example files...[0m [32mdone[0m
[33mSyncing git submodules...[0m Submodule 'commonlib' (git://git.mysociety.org/commonlib) registered for path 'commonlib'
Cloning into '/home/kojima/work/alaveteli-jp/commonlib'...
Submodule path 'commonlib': checked out '20aef7e0d18bec2b16709b5040f561d7acbc74b6'
[32mdone[0m
[33mGetting latest alavetelitheme commits...[0m Cloning into '/home/kojima/work/alaveteli-themes/alavetelitheme'...
[32mdone[0m
 smtp Pulling 
 df20fa9351a1 Pulling fs layer 
 ed8968b2872e Pulling fs layer 
 a92cc7c5fd73 Pulling fs layer 
 f17c8f1adafb Pulling fs layer 
 03954754c53a Pulling fs layer 
 60493946972a Pulling fs layer 
 368ee3bc1dbb Pulling fs layer 
 f17c8f1adafb Waiting 
 03954754c53a Waiting 
 368ee3bc1dbb Waiting 
 60493946972a Waiting 
 a92cc7c5fd73 Downloading [==================================================>]     155B/155B
 a92cc7c5fd73 Verifying Checksum 
 a92cc7c5fd73 Download complete 
 ed8968b2872e Downloading [>                                                  ]  3.497kB/282.6kB
 df20fa9351a1 Downloading [>                                                  ]  32.17kB/2.798MB
 ed8968b2872e Downloading [==================================================>]  282.6kB/282.6kB
 ed8968b2872e Verifying Checksum 
 ed8968b2872e Download complete 
 df20fa9351a1 Verifying Checksum 
 df20fa9351a1 Download complete 
 df20fa9351a1 Extracting [>                                                  ]  32.77kB/2.798MB
 df20fa9351a1 Extracting [==================================================>]  2.798MB/2.798MB
 df20fa9351a1 Pull complete 
 ed8968b2872e Extracting [=====>                                             ]  32.77kB/282.6kB
 ed8968b2872e Extracting [==================================================>]  282.6kB/282.6kB
 ed8968b2872e Extracting [==================================================>]  282.6kB/282.6kB
 ed8968b2872e Pull complete 
 a92cc7c5fd73 Extracting [==================================================>]     155B/155B
 a92cc7c5fd73 Extracting [==================================================>]     155B/155B
 a92cc7c5fd73 Pull complete 
 03954754c53a Downloading [==================================================>]     126B/126B
 03954754c53a Download complete 
 60493946972a Downloading [>                                                  ]  114.7kB/9.946MB
 f17c8f1adafb Downloading [>                                                  ]  525.4kB/132.5MB
 60493946972a Downloading [========================>                          ]  4.918MB/9.946MB
 f17c8f1adafb Downloading [==>                                                ]  7.472MB/132.5MB
 60493946972a Download complete 
 f17c8f1adafb Downloading [=====>                                             ]  14.94MB/132.5MB
 f17c8f1adafb Downloading [=========>                                         ]  25.61MB/132.5MB
 f17c8f1adafb Downloading [==============>                                    ]  37.35MB/132.5MB
 f17c8f1adafb Downloading [==================>                                ]  49.11MB/132.5MB
 f17c8f1adafb Downloading [======================>                            ]  60.78MB/132.5MB
 f17c8f1adafb Downloading [===========================>                       ]  72.48MB/132.5MB
 f17c8f1adafb Downloading [===============================>                   ]  84.21MB/132.5MB
 f17c8f1adafb Downloading [====================================>              ]  95.92MB/132.5MB
 f17c8f1adafb Downloading [========================================>          ]  107.7MB/132.5MB
 f17c8f1adafb Downloading [=============================================>     ]  119.4MB/132.5MB
 f17c8f1adafb Downloading [=================================================> ]  131.2MB/132.5MB
 f17c8f1adafb Download complete 
 f17c8f1adafb Extracting [>                                                  ]  557.1kB/132.5MB
 368ee3bc1dbb Downloading [==================================================>]   1.26kB/1.26kB
 368ee3bc1dbb Verifying Checksum 
 368ee3bc1dbb Download complete 
 f17c8f1adafb Extracting [====>                                              ]   11.7MB/132.5MB
 f17c8f1adafb Extracting [======>                                            ]  16.15MB/132.5MB
 f17c8f1adafb Extracting [==========>                                        ]  26.74MB/132.5MB
 f17c8f1adafb Extracting [=============>                                     ]  36.77MB/132.5MB
 f17c8f1adafb Extracting [=================>                                 ]  45.68MB/132.5MB
 f17c8f1adafb Extracting [=====================>                             ]  56.26MB/132.5MB
 f17c8f1adafb Extracting [============================>                      ]  76.32MB/132.5MB
 f17c8f1adafb Extracting [===================================>               ]  95.26MB/132.5MB
 f17c8f1adafb Extracting [==========================================>        ]  113.1MB/132.5MB
 f17c8f1adafb Extracting [============================================>      ]    117MB/132.5MB
 f17c8f1adafb Extracting [============================================>      ]  118.1MB/132.5MB
 f17c8f1adafb Extracting [=============================================>     ]  119.8MB/132.5MB
 f17c8f1adafb Extracting [==============================================>    ]    122MB/132.5MB
 f17c8f1adafb Extracting [==============================================>    ]  123.7MB/132.5MB
 f17c8f1adafb Extracting [===============================================>   ]  125.3MB/132.5MB
 f17c8f1adafb Extracting [===============================================>   ]    127MB/132.5MB
 f17c8f1adafb Extracting [================================================>  ]  128.7MB/132.5MB
 f17c8f1adafb Extracting [=================================================> ]  130.4MB/132.5MB
 f17c8f1adafb Extracting [==================================================>]  132.5MB/132.5MB
 f17c8f1adafb Pull complete 
 03954754c53a Extracting [==================================================>]     126B/126B
 03954754c53a Extracting [==================================================>]     126B/126B
 03954754c53a Pull complete 
 60493946972a Extracting [>                                                  ]  131.1kB/9.946MB
 60493946972a Extracting [==================================================>]  9.946MB/9.946MB
 60493946972a Extracting [==================================================>]  9.946MB/9.946MB
 60493946972a Pull complete 
 368ee3bc1dbb Extracting [==================================================>]   1.26kB/1.26kB
 368ee3bc1dbb Extracting [==================================================>]   1.26kB/1.26kB
 368ee3bc1dbb Pull complete 
 smtp Pulled 
#1 [internal] load local bake definitions
#1 reading from stdin 523B done
#1 DONE 0.0s

#2 [internal] load build definition from Dockerfile-postgres
#2 transferring dockerfile: 222B done
#2 DONE 0.0s

#3 [internal] load metadata for docker.io/library/postgres:13.5
#3 DONE 2.0s

#4 [internal] load .dockerignore
#4 transferring context: 50B done
#4 DONE 0.0s

#5 [internal] load build context
#5 transferring context: 343B done
#5 DONE 0.0s

#6 [1/3] FROM docker.io/library/postgres:13.5@sha256:2e2e213c0fe4d1229373bebf114f255f68d86fba9e9f30e9bcc08e92cdf7b5b4
#6 resolve docker.io/library/postgres:13.5@sha256:2e2e213c0fe4d1229373bebf114f255f68d86fba9e9f30e9bcc08e92cdf7b5b4 0.0s done
#6 sha256:5eb5b503b37671af16371272f9c5313a3e82f1d0756e14506704489ad9900803 0B / 31.37MB 0.1s
#6 sha256:daa0467a6c4883c02b241fe5f4f1703245f43ccbe5bcd56a3dceddef285bf31e 0B / 4.41MB 0.1s
#6 sha256:5759841b6c1a4033817b29d78483ceebd2ab27ba20cff57d062cd1571954a437 3.04kB / 3.04kB done
#6 sha256:7cf625de49eff935274ddf0944444341ef8721bb01b69c991c67924dfd76b1e4 0B / 1.80kB 0.1s
#6 sha256:2e2e213c0fe4d1229373bebf114f255f68d86fba9e9f30e9bcc08e92cdf7b5b4 1.86kB / 1.86kB done
#6 sha256:e01c76bb1351f3fb966f97cf108f1ff586056a517d56c9ec2629ede6be756691 10.27kB / 10.27kB done
#6 sha256:7cf625de49eff935274ddf0944444341ef8721bb01b69c991c67924dfd76b1e4 1.80kB / 1.80kB 0.2s done
#6 sha256:bb8afcc973b2a3de0135018fd8bd12fc2f56ef30a64e6e503d1a20cf35e340f3 0B / 1.42MB 0.4s
#6 sha256:5eb5b503b37671af16371272f9c5313a3e82f1d0756e14506704489ad9900803 5.24MB / 31.37MB 0.5s
#6 sha256:5eb5b503b37671af16371272f9c5313a3e82f1d0756e14506704489ad9900803 29.36MB / 31.37MB 0.7s
#6 sha256:5eb5b503b37671af16371272f9c5313a3e82f1d0756e14506704489ad9900803 31.37MB / 31.37MB 0.8s done
#6 sha256:daa0467a6c4883c02b241fe5f4f1703245f43ccbe5bcd56a3dceddef285bf31e 4.41MB / 4.41MB 0.8s done
#6 sha256:bb8afcc973b2a3de0135018fd8bd12fc2f56ef30a64e6e503d1a20cf35e340f3 1.42MB / 1.42MB 0.8s done
#6 extracting sha256:5eb5b503b37671af16371272f9c5313a3e82f1d0756e14506704489ad9900803 0.1s
#6 sha256:1255f255c0eb861462fc3bb1e26bebe7300bc593e6cba7389e9b449076993e2f 0B / 149B 0.8s
#6 sha256:2ceaf201bb22921a17d7d85257c21ea29ff1da9b269e204d7a40fe2175b58913 0B / 441.57kB 0.8s
#6 sha256:c74bf40d29ee27431deec24f6d21d1a09f178335b7c25aa6fd26850bec90252a 0B / 8.05MB 0.8s
#6 sha256:2ceaf201bb22921a17d7d85257c21ea29ff1da9b269e204d7a40fe2175b58913 441.57kB / 441.57kB 1.0s done
#6 sha256:c74bf40d29ee27431deec24f6d21d1a09f178335b7c25aa6fd26850bec90252a 6.29MB / 8.05MB 1.1s
#6 sha256:d27501cd0cca7a8f831bed5caf1277ce9f6c19a2b2bc0ada26f27c875151b01d 0B / 3.06kB 1.1s
#6 sha256:1255f255c0eb861462fc3bb1e26bebe7300bc593e6cba7389e9b449076993e2f 149B / 149B 1.1s done
#6 sha256:c74bf40d29ee27431deec24f6d21d1a09f178335b7c25aa6fd26850bec90252a 8.05MB / 8.05MB 1.1s done
#6 sha256:d27501cd0cca7a8f831bed5caf1277ce9f6c19a2b2bc0ada26f27c875151b01d 3.06kB / 3.06kB 1.2s
#6 sha256:46d098a505105410abad6e3369428e486ff47344047ed3fd571078a374f0f524 0B / 90.02MB 1.2s
#6 sha256:415988e25784c3e02d049440098707d3b2543a39ffd5ca30d15d8190c3023047 0B / 9.36kB 1.2s
#6 sha256:d27501cd0cca7a8f831bed5caf1277ce9f6c19a2b2bc0ada26f27c875151b01d 3.06kB / 3.06kB 1.2s done
#6 sha256:f37265417882f96bac97e47347a5d40c0eaa1439d79f7d501c2a022d75c05048 0B / 130B 1.3s
#6 extracting sha256:5eb5b503b37671af16371272f9c5313a3e82f1d0756e14506704489ad9900803 0.7s done
#6 extracting sha256:daa0467a6c4883c02b241fe5f4f1703245f43ccbe5bcd56a3dceddef285bf31e
#6 sha256:46d098a505105410abad6e3369428e486ff47344047ed3fd571078a374f0f524 11.53MB / 90.02MB 1.5s
#6 extracting sha256:daa0467a6c4883c02b241fe5f4f1703245f43ccbe5bcd56a3dceddef285bf31e 0.1s done
#6 extracting sha256:7cf625de49eff935274ddf0944444341ef8721bb01b69c991c67924dfd76b1e4 done
#6 extracting sha256:bb8afcc973b2a3de0135018fd8bd12fc2f56ef30a64e6e503d1a20cf35e340f3
#6 sha256:46d098a505105410abad6e3369428e486ff47344047ed3fd571078a374f0f524 32.51MB / 90.02MB 1.7s
#6 extracting sha256:bb8afcc973b2a3de0135018fd8bd12fc2f56ef30a64e6e503d1a20cf35e340f3 0.0s done
#6 extracting sha256:c74bf40d29ee27431deec24f6d21d1a09f178335b7c25aa6fd26850bec90252a
#6 extracting sha256:c74bf40d29ee27431deec24f6d21d1a09f178335b7c25aa6fd26850bec90252a 0.2s done
#6 sha256:46d098a505105410abad6e3369428e486ff47344047ed3fd571078a374f0f524 56.62MB / 90.02MB 1.9s
#6 extracting sha256:2ceaf201bb22921a17d7d85257c21ea29ff1da9b269e204d7a40fe2175b58913 0.0s done
#6 extracting sha256:1255f255c0eb861462fc3bb1e26bebe7300bc593e6cba7389e9b449076993e2f done
#6 extracting sha256:d27501cd0cca7a8f831bed5caf1277ce9f6c19a2b2bc0ada26f27c875151b01d done
#6 sha256:46d098a505105410abad6e3369428e486ff47344047ed3fd571078a374f0f524 79.69MB / 90.02MB 2.1s
#6 sha256:415988e25784c3e02d049440098707d3b2543a39ffd5ca30d15d8190c3023047 9.36kB / 9.36kB 2.0s done
#6 sha256:f37265417882f96bac97e47347a5d40c0eaa1439d79f7d501c2a022d75c05048 130B / 130B 2.0s done
#6 sha256:4ad62bb529b5fa4873a1b9e31b085e841a85ef1458badad1cda27ef7eadbcaa6 0B / 201B 2.1s
#6 sha256:781e3e6e840110b5e05626b50d20fdba227cebb279336170d4c1322b473cb57c 0B / 4.71kB 2.1s
#6 sha256:46d098a505105410abad6e3369428e486ff47344047ed3fd571078a374f0f524 90.02MB / 90.02MB 2.3s
#6 sha256:46d098a505105410abad6e3369428e486ff47344047ed3fd571078a374f0f524 90.02MB / 90.02MB 2.3s done
#6 extracting sha256:46d098a505105410abad6e3369428e486ff47344047ed3fd571078a374f0f524 0.1s
#6 sha256:4ad62bb529b5fa4873a1b9e31b085e841a85ef1458badad1cda27ef7eadbcaa6 201B / 201B 2.7s done
#6 sha256:781e3e6e840110b5e05626b50d20fdba227cebb279336170d4c1322b473cb57c 4.71kB / 4.71kB 2.7s done
#6 extracting sha256:46d098a505105410abad6e3369428e486ff47344047ed3fd571078a374f0f524 1.1s done
#6 extracting sha256:415988e25784c3e02d049440098707d3b2543a39ffd5ca30d15d8190c3023047
#6 extracting sha256:415988e25784c3e02d049440098707d3b2543a39ffd5ca30d15d8190c3023047 done
#6 extracting sha256:f37265417882f96bac97e47347a5d40c0eaa1439d79f7d501c2a022d75c05048 done
#6 extracting sha256:4ad62bb529b5fa4873a1b9e31b085e841a85ef1458badad1cda27ef7eadbcaa6
#6 extracting sha256:4ad62bb529b5fa4873a1b9e31b085e841a85ef1458badad1cda27ef7eadbcaa6 done
#6 extracting sha256:781e3e6e840110b5e05626b50d20fdba227cebb279336170d4c1322b473cb57c done
#6 DONE 4.2s

#7 [2/3] RUN localedef -i en_GB -c -f UTF-8 -A /usr/share/locale/locale.alias en_GB.UTF-8
#7 DONE 1.7s

#8 [3/3] ADD ./docker/createdb.sh /docker-entrypoint-initdb.d/
#8 DONE 0.0s

#9 exporting to image
#9 exporting layers 0.0s done
#9 writing image sha256:add7c405066298bb36549a5db5ba70b33d9f9552b9973643d922465b025878a8 done
#9 naming to docker.io/library/alaveteli-jp-db done
#9 DONE 0.0s

#10 resolving provenance for metadata file
#10 DONE 0.0s
 alaveteli-jp-db  Built
 Network alaveteli-jp_default  Creating
 Network alaveteli-jp_default  Created
 Volume "alaveteli-jp_postgres"  Creating
 Volume "alaveteli-jp_postgres"  Created
 Volume "alaveteli-jp_redis"  Creating
 Volume "alaveteli-jp_redis"  Created
 Volume "alaveteli-jp_bundle"  Creating
 Volume "alaveteli-jp_bundle"  Created
 Container alaveteli-jp-smtp-1  Creating
 Container alaveteli-jp-redis-1  Creating
 Container alaveteli-jp-db-1  Creating
 Container alaveteli-jp-redis-1  Created
 Container alaveteli-jp-db-1  Created
 Container alaveteli-jp-smtp-1  Created
 Container alaveteli-jp-smtp-1  Starting
 Container alaveteli-jp-redis-1  Starting
 Container alaveteli-jp-db-1  Starting
 Container alaveteli-jp-db-1  Started
 Container alaveteli-jp-redis-1  Started
 Container alaveteli-jp-smtp-1  Started
#1 [internal] load local bake definitions
#1 reading from stdin 995B done
#1 DONE 0.0s

#2 [internal] load build definition from Dockerfile
#2 transferring dockerfile: 818B done
#2 DONE 0.0s

#3 [internal] load metadata for docker.io/library/ruby:3.4-trixie
#3 DONE 1.9s

#4 [internal] load .dockerignore
#4 transferring context: 50B done
#4 DONE 0.0s

#5 [1/6] FROM docker.io/library/ruby:3.4-trixie@sha256:2e9cf64044599b1c5ea7dd7c48bac0858633e6413065aa4beebbbf448e11e18f
#5 resolve docker.io/library/ruby:3.4-trixie@sha256:2e9cf64044599b1c5ea7dd7c48bac0858633e6413065aa4beebbbf448e11e18f done
#5 sha256:2e9cf64044599b1c5ea7dd7c48bac0858633e6413065aa4beebbbf448e11e18f 10.27kB / 10.27kB done
#5 sha256:3569a562bded5ff565981cbc5736d4b27d6b42e50fd2abcab75f572c64c65871 2.31kB / 2.31kB done
#5 sha256:27ee9a8250487842a26b1ffa1215982ba9ae27010bce1997d52f9f8628578d17 0B / 49.34MB 0.1s
#5 sha256:00f78834a2fef03250be89a7741ff39d0e6bbd860298ea129a84ce5eadda1f6d 0B / 25.64MB 0.1s
#5 sha256:067779317421ffe00d385c8c1b58c4474ca00ac66c4c0fcfe337949a95d02f5d 7.01kB / 7.01kB done
#5 sha256:cbc19164244e861d91ebd80a17e2c78c5be43a8059a32ab6fc459a92002b22f2 0B / 67.80MB 0.1s
#5 sha256:00f78834a2fef03250be89a7741ff39d0e6bbd860298ea129a84ce5eadda1f6d 6.29MB / 25.64MB 0.3s
#5 sha256:00f78834a2fef03250be89a7741ff39d0e6bbd860298ea129a84ce5eadda1f6d 25.64MB / 25.64MB 0.5s
#5 sha256:00f78834a2fef03250be89a7741ff39d0e6bbd860298ea129a84ce5eadda1f6d 25.64MB / 25.64MB 0.5s done
#5 sha256:cbc19164244e861d91ebd80a17e2c78c5be43a8059a32ab6fc459a92002b22f2 14.68MB / 67.80MB 0.6s
#5 sha256:44fed46b68cf907ddf6afb6bc4211842f016a0876b02fc27912582de4c2fed3b 0B / 236.34MB 0.6s
#5 sha256:27ee9a8250487842a26b1ffa1215982ba9ae27010bce1997d52f9f8628578d17 6.29MB / 49.34MB 0.8s
#5 sha256:cbc19164244e861d91ebd80a17e2c78c5be43a8059a32ab6fc459a92002b22f2 29.36MB / 67.80MB 0.8s
#5 sha256:27ee9a8250487842a26b1ffa1215982ba9ae27010bce1997d52f9f8628578d17 9.44MB / 49.34MB 0.9s
#5 sha256:cbc19164244e861d91ebd80a17e2c78c5be43a8059a32ab6fc459a92002b22f2 35.65MB / 67.80MB 0.9s
#5 sha256:27ee9a8250487842a26b1ffa1215982ba9ae27010bce1997d52f9f8628578d17 15.73MB / 49.34MB 1.1s
#5 sha256:cbc19164244e861d91ebd80a17e2c78c5be43a8059a32ab6fc459a92002b22f2 45.09MB / 67.80MB 1.1s
#5 sha256:27ee9a8250487842a26b1ffa1215982ba9ae27010bce1997d52f9f8628578d17 24.12MB / 49.34MB 1.3s
#5 sha256:cbc19164244e861d91ebd80a17e2c78c5be43a8059a32ab6fc459a92002b22f2 54.53MB / 67.80MB 1.3s
#5 sha256:44fed46b68cf907ddf6afb6bc4211842f016a0876b02fc27912582de4c2fed3b 14.68MB / 236.34MB 1.3s
#5 sha256:27ee9a8250487842a26b1ffa1215982ba9ae27010bce1997d52f9f8628578d17 32.51MB / 49.34MB 1.5s
#5 sha256:cbc19164244e861d91ebd80a17e2c78c5be43a8059a32ab6fc459a92002b22f2 62.91MB / 67.80MB 1.5s
#5 sha256:27ee9a8250487842a26b1ffa1215982ba9ae27010bce1997d52f9f8628578d17 36.70MB / 49.34MB 1.6s
#5 sha256:cbc19164244e861d91ebd80a17e2c78c5be43a8059a32ab6fc459a92002b22f2 67.80MB / 67.80MB 1.7s
#5 sha256:27ee9a8250487842a26b1ffa1215982ba9ae27010bce1997d52f9f8628578d17 49.34MB / 49.34MB 1.8s
#5 sha256:cbc19164244e861d91ebd80a17e2c78c5be43a8059a32ab6fc459a92002b22f2 67.80MB / 67.80MB 1.7s done
#5 sha256:44fed46b68cf907ddf6afb6bc4211842f016a0876b02fc27912582de4c2fed3b 33.55MB / 236.34MB 1.8s
#5 sha256:ac4a94280f77e902d2d05970623919ba4121547e80b91c9f084e5c41926792ab 0B / 190B 1.8s
#5 sha256:27ee9a8250487842a26b1ffa1215982ba9ae27010bce1997d52f9f8628578d17 49.34MB / 49.34MB 1.8s done
#5 extracting sha256:27ee9a8250487842a26b1ffa1215982ba9ae27010bce1997d52f9f8628578d17 0.1s
#5 sha256:c08f26ae06b2070038a593b2ad6d163fcc45527896cbb960fad9f5343cf5d071 0B / 42.27MB 1.9s
#5 sha256:44fed46b68cf907ddf6afb6bc4211842f016a0876b02fc27912582de4c2fed3b 54.53MB / 236.34MB 2.0s
#5 sha256:ac4a94280f77e902d2d05970623919ba4121547e80b91c9f084e5c41926792ab 190B / 190B 1.9s done
#5 sha256:ffddc09de81cf4386d43d8daa5039a0a28431ffd8486f790837eb7f745e86a36 0B / 143B 2.0s
#5 sha256:44fed46b68cf907ddf6afb6bc4211842f016a0876b02fc27912582de4c2fed3b 70.25MB / 236.34MB 2.2s
#5 sha256:c08f26ae06b2070038a593b2ad6d163fcc45527896cbb960fad9f5343cf5d071 6.29MB / 42.27MB 2.2s
#5 sha256:ffddc09de81cf4386d43d8daa5039a0a28431ffd8486f790837eb7f745e86a36 143B / 143B 2.2s done
#5 sha256:c08f26ae06b2070038a593b2ad6d163fcc45527896cbb960fad9f5343cf5d071 10.49MB / 42.27MB 2.3s
#5 sha256:44fed46b68cf907ddf6afb6bc4211842f016a0876b02fc27912582de4c2fed3b 82.84MB / 236.34MB 2.4s
#5 sha256:c08f26ae06b2070038a593b2ad6d163fcc45527896cbb960fad9f5343cf5d071 15.73MB / 42.27MB 2.4s
#5 sha256:c08f26ae06b2070038a593b2ad6d163fcc45527896cbb960fad9f5343cf5d071 20.97MB / 42.27MB 2.5s
#5 sha256:44fed46b68cf907ddf6afb6bc4211842f016a0876b02fc27912582de4c2fed3b 101.71MB / 236.34MB 2.7s
#5 sha256:c08f26ae06b2070038a593b2ad6d163fcc45527896cbb960fad9f5343cf5d071 32.51MB / 42.27MB 2.7s
#5 extracting sha256:27ee9a8250487842a26b1ffa1215982ba9ae27010bce1997d52f9f8628578d17 1.0s done
#5 sha256:c08f26ae06b2070038a593b2ad6d163fcc45527896cbb960fad9f5343cf5d071 37.75MB / 42.27MB 2.8s
#5 sha256:44fed46b68cf907ddf6afb6bc4211842f016a0876b02fc27912582de4c2fed3b 116.39MB / 236.34MB 2.9s
#5 sha256:c08f26ae06b2070038a593b2ad6d163fcc45527896cbb960fad9f5343cf5d071 42.27MB / 42.27MB 2.9s
#5 extracting sha256:00f78834a2fef03250be89a7741ff39d0e6bbd860298ea129a84ce5eadda1f6d
#5 sha256:c08f26ae06b2070038a593b2ad6d163fcc45527896cbb960fad9f5343cf5d071 42.27MB / 42.27MB 2.9s done
#5 sha256:44fed46b68cf907ddf6afb6bc4211842f016a0876b02fc27912582de4c2fed3b 137.36MB / 236.34MB 3.1s
#5 sha256:44fed46b68cf907ddf6afb6bc4211842f016a0876b02fc27912582de4c2fed3b 171.97MB / 236.34MB 3.4s
#5 extracting sha256:00f78834a2fef03250be89a7741ff39d0e6bbd860298ea129a84ce5eadda1f6d 0.3s done
#5 extracting sha256:cbc19164244e861d91ebd80a17e2c78c5be43a8059a32ab6fc459a92002b22f2
#5 sha256:44fed46b68cf907ddf6afb6bc4211842f016a0876b02fc27912582de4c2fed3b 195.04MB / 236.34MB 3.6s
#5 sha256:44fed46b68cf907ddf6afb6bc4211842f016a0876b02fc27912582de4c2fed3b 218.10MB / 236.34MB 3.8s
#5 sha256:44fed46b68cf907ddf6afb6bc4211842f016a0876b02fc27912582de4c2fed3b 236.34MB / 236.34MB 4.2s
#5 sha256:44fed46b68cf907ddf6afb6bc4211842f016a0876b02fc27912582de4c2fed3b 236.34MB / 236.34MB 4.2s done
#5 extracting sha256:cbc19164244e861d91ebd80a17e2c78c5be43a8059a32ab6fc459a92002b22f2 1.4s done
#5 extracting sha256:44fed46b68cf907ddf6afb6bc4211842f016a0876b02fc27912582de4c2fed3b
#5 extracting sha256:44fed46b68cf907ddf6afb6bc4211842f016a0876b02fc27912582de4c2fed3b 3.2s done
#5 extracting sha256:ac4a94280f77e902d2d05970623919ba4121547e80b91c9f084e5c41926792ab
#5 extracting sha256:ac4a94280f77e902d2d05970623919ba4121547e80b91c9f084e5c41926792ab done
#5 extracting sha256:c08f26ae06b2070038a593b2ad6d163fcc45527896cbb960fad9f5343cf5d071
#5 extracting sha256:c08f26ae06b2070038a593b2ad6d163fcc45527896cbb960fad9f5343cf5d071 0.5s done
#5 extracting sha256:ffddc09de81cf4386d43d8daa5039a0a28431ffd8486f790837eb7f745e86a36 done
#5 DONE 9.2s

#6 [2/6] RUN apt-get update -y &&     apt-get install -y     elinks     ghostscript     libmagic-dev     libreoffice-calc-nogui     libreoffice-impress-nogui     libreoffice-writer-nogui     pdftk     poppler-utils     postgresql-client     sendmail     tnef     unrtf     mutt
#6 0.264 Hit:1 http://deb.debian.org/debian trixie InRelease
#6 0.266 Get:2 http://deb.debian.org/debian trixie-updates InRelease [47.3 kB]
#6 0.276 Get:3 http://deb.debian.org/debian-security trixie-security InRelease [43.4 kB]
#6 0.286 Get:4 http://deb.debian.org/debian trixie/main amd64 Packages [9673 kB]
#6 0.399 Get:5 http://deb.debian.org/debian trixie-updates/main amd64 Packages [4412 B]
#6 0.399 Get:6 http://deb.debian.org/debian-security trixie-security/main amd64 Packages [251 kB]
#6 0.892 Fetched 10.0 MB in 1s (15.1 MB/s)
#6 0.892 Reading package lists...
#6 1.346 Reading package lists...
#6 1.766 Building dependency tree...
#6 1.885 Reading state information...
#6 1.997 The following additional packages will be installed:
#6 1.997   alsa-topology-conf alsa-ucm-conf apparmor ca-certificates-java
#6 1.997   coinor-libcbc3.1 coinor-libcgl1 coinor-libclp1 coinor-libcoinmp0
#6 1.997   coinor-libcoinutils3v5 coinor-libosi1v5 dbus dbus-bin dbus-daemon
#6 1.997   dbus-session-bus-common dbus-system-bus-common default-jre-headless
#6 1.997   dictionaries-common elinks-data emacsen-common fonts-droid-fallback
#6 1.997   fonts-liberation fonts-liberation-sans-narrow fonts-noto-mono
#6 1.997   fonts-opensymbol fonts-urw-base35 gpg-wks-client gsasl-common hunspell-en-us
#6 1.997   java-common javascript-common libabsl20240722 libabw-0.1-1
#6 1.997   libapache-pom-java libapparmor1 libargon2-1 libasound2-data libasound2t64
#6 1.997   libauthen-sasl-perl libavahi-client3 libavahi-common-data libavahi-common3
#6 1.997   libbcprov-java libblas3 libboost-iostreams1.83.0 libboost-locale1.83.0
#6 1.997   libboost-thread1.83.0 libbox2d2 libc-l10n libcares2 libcdr-0.1-1
#6 1.997   libclone-perl libclucene-contribs1t64 libclucene-core1t64 libcmis-0.6-6t64
#6 1.997   libcolamd3 libcommons-lang3-java libcommons-parent-java libcups2t64
#6 1.997   libdata-dump-perl libdbus-1-3 libdconf1 libdrm-amdgpu1 libdrm-common
#6 1.997   libdrm-intel1 libdrm2 libe-book-0.1-1 libegl-mesa0 libegl1
#6 1.997   libencode-locale-perl libeot0 libepubgen-0.1-1 libetonyek-0.1-1 libev4t64
#6 1.997   libexttextcat-2.0-0 libexttextcat-data libfile-basedir-perl
#6 1.997   libfile-desktopentry-perl libfile-listing-perl libfile-mimeinfo-perl
#6 1.997   libfont-afm-perl libfontenc1 libfreehand-0.1-1 libfsplib0t64 libgbm1
#6 1.997   libgfortran5 libgl1 libgl1-mesa-dri libgles2 libglvnd0 libglx-mesa0 libglx0
#6 1.997   libgpgme11t64 libgpgmepp6t64 libgpm2 libgs-common libgs10 libgs10-common
#6 1.997   libgsasl18 libgssglue1 libhtml-form-perl libhtml-format-perl
#6 1.997   libhtml-parser-perl libhtml-tagset-perl libhtml-tree-perl
#6 1.997   libhttp-cookies-perl libhttp-daemon-perl libhttp-date-perl
#6 1.997   libhttp-message-perl libhttp-negotiate-perl libhunspell-1.7-0 libhyphen0
#6 1.997   libidn12 libijs-0.35 libio-compress-brotli-perl libio-html-perl
#6 1.997   libio-socket-ssl-perl libio-stringy-perl libipc-system-simple-perl
#6 1.997   libjbig2dec0 libjs-jquery liblangtag-common liblangtag1 liblapack3 libllvm19
#6 1.997   liblockfile-bin liblockfile1 liblua5.3-0 liblwp-mediatypes-perl
#6 1.997   liblwp-protocol-https-perl libmailtools-perl libmhash2 libmspub-0.1-1
#6 1.997   libmwaw-0.3-3 libmythes-1.2-0 libnet-dbus-perl libnet-http-perl
#6 1.997   libnet-smtp-ssl-perl libnet-ssleay-perl libnsl2 libnspr4 libnss3 libntlm0
#6 1.997   libnumbertext-1.0-0 libnumbertext-data libodfgen-0.1-1 liborcus-0.18-0
#6 1.997   liborcus-parser-0.18-0 libpagemaker-0.0-0 libpaper-utils libpaper2
#6 1.998   libpciaccess0 libpcsclite1 libpoppler147 libpython3.13 libqxp-0.0-0
#6 1.998   libraptor2-0 librasqal3t64 librdf0t64 libreoffice-base-core
#6 1.998   libreoffice-common libreoffice-core-nogui libreoffice-draw-nogui
#6 1.998   libreoffice-math-nogui libreoffice-style-colibre libreoffice-uiconfig-calc
#6 1.998   libreoffice-uiconfig-common libreoffice-uiconfig-draw
#6 1.998   libreoffice-uiconfig-impress libreoffice-uiconfig-math librevenge-0.0-0
#6 1.998   libsensors-config libsensors5 libstaroffice-0.0-0 libsuitesparseconfig7
#6 1.998   libtext-iconv-perl libtie-ixhash-perl libtimedate-perl libtirpc-common
#6 1.998   libtirpc3t64 libtokyocabinet9t64 libtre5 libtry-tiny-perl libuno-cppu3t64
#6 1.998   libuno-cppuhelpergcc3-3t64 libuno-purpenvhelpergcc3-3t64 libuno-sal3t64
#6 1.998   libuno-salhelpergcc3-3t64 liburi-perl libuv1t64 libvisio-0.1-1 libvulkan1
#6 1.998   libwayland-client0 libwayland-server0 libwpd-0.10-10 libwpg-0.3-3
#6 1.998   libwps-0.4-4 libwrap0 libwww-perl libwww-robotrules-perl
#6 1.998   libx11-protocol-perl libx11-xcb1 libxaw7 libxcb-dri3-0 libxcb-glx0
#6 1.998   libxcb-present0 libxcb-randr0 libxcb-shape0 libxcb-sync1 libxcb-xfixes0
#6 1.998   libxcomposite1 libxcursor1 libxfixes3 libxi6 libxinerama1 libxkbfile1
#6 1.998   libxml-parser-perl libxml-twig-perl libxml-xpathengine-perl libxmlsec1t64
#6 1.998   libxmlsec1t64-nss libxmu6 libxmuu1 libxpm4 libxrandr2 libxshmfence1 libxtst6
#6 1.998   libxv1 libxxf86dga1 libxxf86vm1 libyajl2 libz3-4 libzmf-0.0-0 libzxcvbn0
#6 1.998   locales lockfile-progs luit mailcap mesa-libgallium mesa-vulkan-drivers
#6 1.998   openjdk-21-jre-headless perl-openssl-defaults poppler-data
#6 1.998   postfix-mta-sts-resolver postgresql-client-17 postgresql-client-common
#6 1.998   procmail python3-aiodns python3-aiohappyeyeballs python3-aiohttp
#6 1.998   python3-aiosignal python3-aiosqlite python3-async-timeout python3-asyncpg
#6 1.998   python3-attr python3-cffi-backend python3-frozenlist python3-idna
#6 1.998   python3-multidict python3-propcache python3-pycares python3-redis
#6 1.998   python3-typing-extensions python3-uno python3-uvloop python3-yaml
#6 1.998   python3-yarl sendmail-base sendmail-bin sendmail-cf sensible-mda
#6 1.998   uno-libs-private ure x11-utils x11-xserver-utils xdg-utils xfonts-encodings
#6 1.998   xfonts-utils zutty
#6 1.999 Suggested packages:
#6 1.999   apparmor-profiles-extra apparmor-utils default-dbus-session-bus
#6 1.999   | dbus-session-bus default-jre ispell | aspell | hunspell wordlist
#6 1.999   elinks-doc fonts-noto fonts-freefont-otf | fonts-freefont-ttf fonts-texgyre
#6 1.999   texlive-binaries hunspell openoffice.org-hunspell | openoffice.org-core
#6 1.999   apache2 | lighttpd | httpd alsa-utils libasound2-plugins libdigest-hmac-perl
#6 1.999   libgssapi-perl cups-common gpm libcrypt-ssleay-perl pciutils pcscd
#6 1.999   raptor2-utils rasqal-utils librdf-storage-mysql librdf-storage-postgresql
#6 1.999   librdf-storage-sqlite librdf-storage-virtuoso redland-utils libreoffice-base
#6 1.999   python3-scriptforge bluez fonts-crosextra-caladea fonts-crosextra-carlito
#6 1.999   libreoffice-java-common default-jre | java-runtime | java8-runtime | jre
#6 1.999   lm-sensors tre-agrep libsub-name-perl libbusiness-isbn-perl
#6 1.999   libmime-base32-perl libregexp-ipv6-perl libauthen-ntlm-perl
#6 1.999   libunicode-map8-perl libunicode-string-perl xml-twig-tools urlview aspell
#6 1.999   | ispell libnss-mdns fonts-dejavu-extra fonts-ipafont-gothic
#6 1.999   fonts-ipafont-mincho fonts-wqy-microhei | fonts-wqy-zenhei fonts-indic
#6 1.999   debhelper fonts-japanese-mincho | fonts-ipafont-mincho fonts-japanese-gothic
#6 1.999   | fonts-ipafont-gothic fonts-arphic-ukai fonts-arphic-uming fonts-nanum
#6 1.999   postgresql-17 postgresql-doc-17 python-aiosqlite-doc python-attr-doc
#6 1.999   python-pycares-doc python3-hiredis sendmail-doc rmail logcheck logrotate
#6 1.999   resolvconf sasl2-bin libsasl2-modules mesa-utils nickle cairo-5c
#6 1.999   xorg-docs-core
#6 2.779 The following NEW packages will be installed:
#6 2.779   alsa-topology-conf alsa-ucm-conf apparmor ca-certificates-java
#6 2.779   coinor-libcbc3.1 coinor-libcgl1 coinor-libclp1 coinor-libcoinmp0
#6 2.779   coinor-libcoinutils3v5 coinor-libosi1v5 dbus dbus-bin dbus-daemon
#6 2.779   dbus-session-bus-common dbus-system-bus-common default-jre-headless
#6 2.779   dictionaries-common elinks elinks-data emacsen-common fonts-droid-fallback
#6 2.779   fonts-liberation fonts-liberation-sans-narrow fonts-noto-mono
#6 2.779   fonts-opensymbol fonts-urw-base35 ghostscript gpg-wks-client gsasl-common
#6 2.779   hunspell-en-us java-common javascript-common libabsl20240722 libabw-0.1-1
#6 2.779   libapache-pom-java libapparmor1 libargon2-1 libasound2-data libasound2t64
#6 2.779   libauthen-sasl-perl libavahi-client3 libavahi-common-data libavahi-common3
#6 2.779   libbcprov-java libblas3 libboost-iostreams1.83.0 libboost-locale1.83.0
#6 2.779   libboost-thread1.83.0 libbox2d2 libc-l10n libcares2 libcdr-0.1-1
#6 2.779   libclone-perl libclucene-contribs1t64 libclucene-core1t64 libcmis-0.6-6t64
#6 2.779   libcolamd3 libcommons-lang3-java libcommons-parent-java libcups2t64
#6 2.779   libdata-dump-perl libdbus-1-3 libdconf1 libdrm-amdgpu1 libdrm-common
#6 2.779   libdrm-intel1 libdrm2 libe-book-0.1-1 libegl-mesa0 libegl1
#6 2.779   libencode-locale-perl libeot0 libepubgen-0.1-1 libetonyek-0.1-1 libev4t64
#6 2.779   libexttextcat-2.0-0 libexttextcat-data libfile-basedir-perl
#6 2.779   libfile-desktopentry-perl libfile-listing-perl libfile-mimeinfo-perl
#6 2.779   libfont-afm-perl libfontenc1 libfreehand-0.1-1 libfsplib0t64 libgbm1
#6 2.779   libgfortran5 libgl1 libgl1-mesa-dri libgles2 libglvnd0 libglx-mesa0 libglx0
#6 2.779   libgpgme11t64 libgpgmepp6t64 libgpm2 libgs-common libgs10 libgs10-common
#6 2.779   libgsasl18 libgssglue1 libhtml-form-perl libhtml-format-perl
#6 2.779   libhtml-parser-perl libhtml-tagset-perl libhtml-tree-perl
#6 2.779   libhttp-cookies-perl libhttp-daemon-perl libhttp-date-perl
#6 2.779   libhttp-message-perl libhttp-negotiate-perl libhunspell-1.7-0 libhyphen0
#6 2.779   libidn12 libijs-0.35 libio-compress-brotli-perl libio-html-perl
#6 2.779   libio-socket-ssl-perl libio-stringy-perl libipc-system-simple-perl
#6 2.780   libjbig2dec0 libjs-jquery liblangtag-common liblangtag1 liblapack3 libllvm19
#6 2.780   liblockfile-bin liblockfile1 liblua5.3-0 liblwp-mediatypes-perl
#6 2.780   liblwp-protocol-https-perl libmagic-dev libmailtools-perl libmhash2
#6 2.780   libmspub-0.1-1 libmwaw-0.3-3 libmythes-1.2-0 libnet-dbus-perl
#6 2.780   libnet-http-perl libnet-smtp-ssl-perl libnet-ssleay-perl libnsl2 libnspr4
#6 2.780   libnss3 libntlm0 libnumbertext-1.0-0 libnumbertext-data libodfgen-0.1-1
#6 2.780   liborcus-0.18-0 liborcus-parser-0.18-0 libpagemaker-0.0-0 libpaper-utils
#6 2.780   libpaper2 libpciaccess0 libpcsclite1 libpoppler147 libpython3.13
#6 2.780   libqxp-0.0-0 libraptor2-0 librasqal3t64 librdf0t64 libreoffice-base-core
#6 2.780   libreoffice-calc-nogui libreoffice-common libreoffice-core-nogui
#6 2.780   libreoffice-draw-nogui libreoffice-impress-nogui libreoffice-math-nogui
#6 2.780   libreoffice-style-colibre libreoffice-uiconfig-calc
#6 2.780   libreoffice-uiconfig-common libreoffice-uiconfig-draw
#6 2.780   libreoffice-uiconfig-impress libreoffice-uiconfig-math
#6 2.780   libreoffice-writer-nogui librevenge-0.0-0 libsensors-config libsensors5
#6 2.780   libstaroffice-0.0-0 libsuitesparseconfig7 libtext-iconv-perl
#6 2.780   libtie-ixhash-perl libtimedate-perl libtirpc-common libtirpc3t64
#6 2.780   libtokyocabinet9t64 libtre5 libtry-tiny-perl libuno-cppu3t64
#6 2.780   libuno-cppuhelpergcc3-3t64 libuno-purpenvhelpergcc3-3t64 libuno-sal3t64
#6 2.780   libuno-salhelpergcc3-3t64 liburi-perl libuv1t64 libvisio-0.1-1 libvulkan1
#6 2.780   libwayland-client0 libwayland-server0 libwpd-0.10-10 libwpg-0.3-3
#6 2.780   libwps-0.4-4 libwrap0 libwww-perl libwww-robotrules-perl
#6 2.780   libx11-protocol-perl libx11-xcb1 libxaw7 libxcb-dri3-0 libxcb-glx0
#6 2.780   libxcb-present0 libxcb-randr0 libxcb-shape0 libxcb-sync1 libxcb-xfixes0
#6 2.780   libxcomposite1 libxcursor1 libxfixes3 libxi6 libxinerama1 libxkbfile1
#6 2.780   libxml-parser-perl libxml-twig-perl libxml-xpathengine-perl libxmlsec1t64
#6 2.780   libxmlsec1t64-nss libxmu6 libxmuu1 libxpm4 libxrandr2 libxshmfence1 libxtst6
#6 2.780   libxv1 libxxf86dga1 libxxf86vm1 libyajl2 libz3-4 libzmf-0.0-0 libzxcvbn0
#6 2.780   locales lockfile-progs luit mailcap mesa-libgallium mesa-vulkan-drivers mutt
#6 2.780   openjdk-21-jre-headless pdftk-java perl-openssl-defaults poppler-data
#6 2.780   poppler-utils postfix-mta-sts-resolver postgresql-client
#6 2.780   postgresql-client-17 postgresql-client-common procmail python3-aiodns
#6 2.780   python3-aiohappyeyeballs python3-aiohttp python3-aiosignal python3-aiosqlite
#6 2.780   python3-async-timeout python3-asyncpg python3-attr python3-cffi-backend
#6 2.780   python3-frozenlist python3-idna python3-multidict python3-propcache
#6 2.781   python3-pycares python3-redis python3-typing-extensions python3-uno
#6 2.781   python3-uvloop python3-yaml python3-yarl sendmail sendmail-base sendmail-bin
#6 2.781   sendmail-cf sensible-mda tnef uno-libs-private unrtf ure x11-utils
#6 2.781   x11-xserver-utils xdg-utils xfonts-encodings xfonts-utils zutty
#6 2.839 0 upgraded, 291 newly installed, 0 to remove and 6 not upgraded.
#6 2.839 Need to get 263 MB of archives.
#6 2.839 After this operation, 1031 MB of additional disk space will be used.
#6 2.839 Get:1 http://deb.debian.org/debian trixie/main amd64 libdbus-1-3 amd64 1.16.2-2 [178 kB]
#6 2.858 Get:2 http://deb.debian.org/debian trixie/main amd64 dbus-bin amd64 1.16.2-2 [80.0 kB]
#6 2.860 Get:3 http://deb.debian.org/debian trixie/main amd64 dbus-session-bus-common all 1.16.2-2 [52.3 kB]
#6 2.860 Get:4 http://deb.debian.org/debian trixie/main amd64 libapparmor1 amd64 4.1.0-1 [43.7 kB]
#6 2.861 Get:5 http://deb.debian.org/debian trixie/main amd64 dbus-daemon amd64 1.16.2-2 [159 kB]
#6 2.866 Get:6 http://deb.debian.org/debian trixie/main amd64 dbus-system-bus-common all 1.16.2-2 [53.5 kB]
#6 2.867 Get:7 http://deb.debian.org/debian trixie/main amd64 dbus amd64 1.16.2-2 [71.6 kB]
#6 2.867 Get:8 http://deb.debian.org/debian trixie/main amd64 libreoffice-style-colibre all 4:25.2.3-2+deb13u6 [7330 kB]
#6 2.941 Get:9 http://deb.debian.org/debian trixie/main amd64 libreoffice-uiconfig-common all 4:25.2.3-2+deb13u6 [385 kB]
#6 2.945 Get:10 http://deb.debian.org/debian trixie/main amd64 libuno-sal3t64 amd64 4:25.2.3-2+deb13u6 [218 kB]
#6 2.946 Get:11 http://deb.debian.org/debian trixie/main amd64 libuno-salhelpergcc3-3t64 amd64 4:25.2.3-2+deb13u6 [53.1 kB]
#6 2.947 Get:12 http://deb.debian.org/debian trixie/main amd64 libuno-cppu3t64 amd64 4:25.2.3-2+deb13u6 [119 kB]
#6 2.948 Get:13 http://deb.debian.org/debian trixie/main amd64 uno-libs-private amd64 4:25.2.3-2+deb13u6 [238 kB]
#6 2.950 Get:14 http://deb.debian.org/debian trixie/main amd64 liblangtag-common all 0.6.7-1 [191 kB]
#6 2.952 Get:15 http://deb.debian.org/debian trixie/main amd64 liblangtag1 amd64 0.6.7-1+b2 [51.2 kB]
#6 2.952 Get:16 http://deb.debian.org/debian trixie/main amd64 libuno-cppuhelpergcc3-3t64 amd64 4:25.2.3-2+deb13u6 [320 kB]
#6 2.955 Get:17 http://deb.debian.org/debian trixie/main amd64 libuno-purpenvhelpergcc3-3t64 amd64 4:25.2.3-2+deb13u6 [51.8 kB]
#6 2.955 Get:18 http://deb.debian.org/debian trixie/main amd64 ure amd64 4:25.2.3-2+deb13u6 [1251 kB]
#6 2.966 Get:19 http://deb.debian.org/debian trixie/main amd64 libnumbertext-data all 1.0.11-4 [70.4 kB]
#6 2.973 Get:20 http://deb.debian.org/debian trixie/main amd64 libreoffice-common all 4:25.2.3-2+deb13u6 [21.7 MB]
#6 3.176 Get:21 http://deb.debian.org/debian trixie/main amd64 fonts-opensymbol all 4:102.12+LibO25.2.3-2+deb13u6 [128 kB]
#6 3.177 Get:22 http://deb.debian.org/debian trixie/main amd64 libabsl20240722 amd64 20240722.0-4 [492 kB]
#6 3.181 Get:23 http://deb.debian.org/debian trixie/main amd64 libargon2-1 amd64 0~20190702+dfsg-4+b2 [21.4 kB]
#6 3.181 Get:24 http://deb.debian.org/debian trixie/main amd64 libboost-thread1.83.0 amd64 1.83.0-4.2 [270 kB]
#6 3.184 Get:25 http://deb.debian.org/debian trixie/main amd64 libboost-locale1.83.0 amd64 1.83.0-4.2 [473 kB]
#6 3.188 Get:26 http://deb.debian.org/debian trixie/main amd64 libclucene-core1t64 amd64 2.3.3.4+dfsg-1.2+b1 [512 kB]
#6 3.192 Get:27 http://deb.debian.org/debian trixie/main amd64 libclucene-contribs1t64 amd64 2.3.3.4+dfsg-1.2+b1 [84.4 kB]
#6 3.214 Get:28 http://deb.debian.org/debian trixie/main amd64 libcmis-0.6-6t64 amd64 0.6.2-2.1+b1 [442 kB]
#6 3.218 Get:29 http://deb.debian.org/debian trixie/main amd64 libdconf1 amd64 0.40.0-5 [41.8 kB]
#6 3.219 Get:30 http://deb.debian.org/debian trixie/main amd64 libeot0 amd64 0.01-5+b2 [27.2 kB]
#6 3.219 Get:31 http://deb.debian.org/debian trixie/main amd64 libexttextcat-data all 3.4.7-1 [176 kB]
#6 3.221 Get:32 http://deb.debian.org/debian trixie/main amd64 libexttextcat-2.0-0 amd64 3.4.7-1+b1 [14.3 kB]
#6 3.221 Get:33 http://deb.debian.org/debian trixie/main amd64 libgpgme11t64 amd64 1.24.2-3 [346 kB]
#6 3.225 Get:34 http://deb.debian.org/debian trixie/main amd64 libgpgmepp6t64 amd64 1.24.2-3 [341 kB]
#6 3.235 Get:35 http://deb.debian.org/debian trixie/main amd64 libhunspell-1.7-0 amd64 1.7.2+really1.7.2-10+b4 [237 kB]
#6 3.237 Get:36 http://deb.debian.org/debian trixie/main amd64 libhyphen0 amd64 2.8.8-7+b2 [30.7 kB]
#6 3.237 Get:37 http://deb.debian.org/debian trixie/main amd64 libmythes-1.2-0 amd64 2:1.2.5-1+b2 [10.8 kB]
#6 3.238 Get:38 http://deb.debian.org/debian trixie/main amd64 libnspr4 amd64 2:4.36-1 [110 kB]
#6 3.238 Get:39 http://deb.debian.org/debian-security trixie-security/main amd64 libnss3 amd64 2:3.110-1+deb13u4 [1394 kB]
#6 3.261 Get:40 http://deb.debian.org/debian trixie/main amd64 libnumbertext-1.0-0 amd64 1.0.11-4+b2 [109 kB]
#6 3.269 Get:41 http://deb.debian.org/debian trixie/main amd64 libpoppler147 amd64 25.03.0-5+deb13u4 [2036 kB]
#6 3.287 Get:42 http://deb.debian.org/debian trixie/main amd64 libyajl2 amd64 2.1.0-5+b2 [23.3 kB]
#6 3.287 Get:43 http://deb.debian.org/debian trixie/main amd64 libraptor2-0 amd64 2.0.16-6 [177 kB]
#6 3.288 Get:44 http://deb.debian.org/debian trixie/main amd64 libmhash2 amd64 0.9.9.9-10 [92.4 kB]
#6 3.296 Get:45 http://deb.debian.org/debian trixie/main amd64 librasqal3t64 amd64 0.9.33-2.1+b2 [191 kB]
#6 3.298 Get:46 http://deb.debian.org/debian trixie/main amd64 librdf0t64 amd64 1.0.17-4+b1 [107 kB]
#6 3.299 Get:47 http://deb.debian.org/debian trixie/main amd64 librevenge-0.0-0 amd64 0.0.5-3+b2 [295 kB]
#6 3.302 Get:48 http://deb.debian.org/debian trixie/main amd64 libxmlsec1t64 amd64 1.2.41-1+b1 [155 kB]
#6 3.303 Get:49 http://deb.debian.org/debian trixie/main amd64 libxmlsec1t64-nss amd64 1.2.41-1+b1 [66.0 kB]
#6 3.304 Get:50 http://deb.debian.org/debian trixie/main amd64 libzxcvbn0 amd64 2.5+dfsg-2+b2 [860 kB]
#6 3.311 Get:51 http://deb.debian.org/debian trixie/main amd64 libreoffice-core-nogui amd64 4:25.2.3-2+deb13u6 [28.2 MB]
#6 3.558 Get:52 http://deb.debian.org/debian trixie/main amd64 libreoffice-base-core amd64 4:25.2.3-2+deb13u6 [800 kB]
#6 3.565 Get:53 http://deb.debian.org/debian trixie/main amd64 libreoffice-uiconfig-calc all 4:25.2.3-2+deb13u6 [215 kB]
#6 3.567 Get:54 http://deb.debian.org/debian trixie/main amd64 libblas3 amd64 3.12.1-6 [160 kB]
#6 3.575 Get:55 http://deb.debian.org/debian trixie/main amd64 libgfortran5 amd64 14.2.0-19 [836 kB]
#6 3.583 Get:56 http://deb.debian.org/debian trixie/main amd64 liblapack3 amd64 3.12.1-6 [2447 kB]
#6 3.603 Get:57 http://deb.debian.org/debian trixie/main amd64 coinor-libcoinutils3v5 amd64 2.11.11+ds-5 [460 kB]
#6 3.607 Get:58 http://deb.debian.org/debian trixie/main amd64 coinor-libosi1v5 amd64 0.108.10+ds-2 [293 kB]
#6 3.610 Get:59 http://deb.debian.org/debian trixie/main amd64 coinor-libclp1 amd64 1.17.10+ds-1 [883 kB]
#6 3.617 Get:60 http://deb.debian.org/debian trixie/main amd64 coinor-libcgl1 amd64 0.60.9+ds-1 [426 kB]
#6 3.621 Get:61 http://deb.debian.org/debian trixie/main amd64 coinor-libcbc3.1 amd64 2.10.12+ds-1 [714 kB]
#6 3.627 Get:62 http://deb.debian.org/debian trixie/main amd64 coinor-libcoinmp0 amd64 1.8.4+dfsg-2 [32.5 kB]
#6 3.627 Get:63 http://deb.debian.org/debian trixie/main amd64 libsuitesparseconfig7 amd64 1:7.10.1+dfsg-1 [32.3 kB]
#6 3.628 Get:64 http://deb.debian.org/debian trixie/main amd64 libcolamd3 amd64 1:7.10.1+dfsg-1 [41.0 kB]
#6 3.628 Get:65 http://deb.debian.org/debian trixie/main amd64 libetonyek-0.1-1 amd64 0.1.12-1 [840 kB]
#6 3.651 Get:66 http://deb.debian.org/debian trixie/main amd64 libmwaw-0.3-3 amd64 0.3.22-1+b2 [2840 kB]
#6 3.676 Get:67 http://deb.debian.org/debian trixie/main amd64 libodfgen-0.1-1 amd64 0.1.8-2+b2 [313 kB]
#6 3.685 Get:68 http://deb.debian.org/debian trixie/main amd64 libboost-iostreams1.83.0 amd64 1.83.0-4.2 [254 kB]
#6 3.688 Get:69 http://deb.debian.org/debian trixie/main amd64 liborcus-parser-0.18-0 amd64 0.19.2-6+b1 [116 kB]
#6 3.689 Get:70 http://deb.debian.org/debian trixie/main amd64 liborcus-0.18-0 amd64 0.19.2-6+b1 [432 kB]
#6 3.693 Get:71 http://deb.debian.org/debian trixie/main amd64 libstaroffice-0.0-0 amd64 0.0.7-1+b2 [735 kB]
#6 3.699 Get:72 http://deb.debian.org/debian trixie/main amd64 libwps-0.4-4 amd64 0.4.14-2+b2 [913 kB]
#6 3.714 Get:73 http://deb.debian.org/debian trixie/main amd64 libreoffice-calc-nogui amd64 4:25.2.3-2+deb13u6 [7998 kB]
#6 3.790 Get:74 http://deb.debian.org/debian trixie/main amd64 libreoffice-uiconfig-draw all 4:25.2.3-2+deb13u6 [120 kB]
#6 3.791 Get:75 http://deb.debian.org/debian trixie/main amd64 libreoffice-uiconfig-impress all 4:25.2.3-2+deb13u6 [178 kB]
#6 3.792 Get:76 http://deb.debian.org/debian trixie/main amd64 libavahi-common-data amd64 0.8-16 [112 kB]
#6 3.793 Get:77 http://deb.debian.org/debian trixie/main amd64 libavahi-common3 amd64 0.8-16 [44.2 kB]
#6 3.794 Get:78 http://deb.debian.org/debian trixie/main amd64 libavahi-client3 amd64 0.8-16 [48.4 kB]
#6 3.794 Get:79 http://deb.debian.org/debian trixie/main amd64 libcdr-0.1-1 amd64 0.1.7-1+b3 [407 kB]
#6 3.798 Get:80 http://deb.debian.org/debian trixie/main amd64 libfreehand-0.1-1 amd64 0.1.2-3 [267 kB]
#6 3.800 Get:81 http://deb.debian.org/debian trixie/main amd64 libmspub-0.1-1 amd64 0.1.4-3+b5 [179 kB]
#6 3.802 Get:82 http://deb.debian.org/debian trixie/main amd64 libpagemaker-0.0-0 amd64 0.0.4-1+b2 [81.9 kB]
#6 3.802 Get:83 http://deb.debian.org/debian trixie/main amd64 libqxp-0.0-0 amd64 0.0.2-1+b4 [128 kB]
#6 3.804 Get:84 http://deb.debian.org/debian trixie/main amd64 libvisio-0.1-1 amd64 0.1.7-1+b5 [315 kB]
#6 3.813 Get:85 http://deb.debian.org/debian trixie/main amd64 libwpd-0.10-10 amd64 0.10.3-2+b2 [263 kB]
#6 3.816 Get:86 http://deb.debian.org/debian trixie/main amd64 libwpg-0.3-3 amd64 0.3.4-3+b2 [81.3 kB]
#6 3.817 Get:87 http://deb.debian.org/debian trixie/main amd64 libzmf-0.0-0 amd64 0.0.2-1+b9 [86.9 kB]
#6 3.817 Get:88 http://deb.debian.org/debian trixie/main amd64 libreoffice-draw-nogui amd64 4:25.2.3-2+deb13u6 [2613 kB]
#6 3.840 Get:89 http://deb.debian.org/debian trixie/main amd64 libbox2d2 amd64 2.4.1-3+b3 [96.0 kB]
#6 3.848 Get:90 http://deb.debian.org/debian trixie/main amd64 libreoffice-impress-nogui amd64 4:25.2.3-2+deb13u6 [623 kB]
#6 3.853 Get:91 http://deb.debian.org/debian trixie/main amd64 libreoffice-uiconfig-math all 4:25.2.3-2+deb13u6 [58.6 kB]
#6 3.862 Get:92 http://deb.debian.org/debian trixie/main amd64 libreoffice-math-nogui amd64 4:25.2.3-2+deb13u6 [528 kB]
#6 3.866 Get:93 http://deb.debian.org/debian trixie/main amd64 libabw-0.1-1 amd64 0.1.3-1+b2 [124 kB]
#6 3.867 Get:94 http://deb.debian.org/debian trixie/main amd64 libe-book-0.1-1 amd64 0.1.3-2+b4 [205 kB]
#6 3.869 Get:95 http://deb.debian.org/debian trixie/main amd64 libepubgen-0.1-1 amd64 0.1.1-1+b2 [156 kB]
#6 3.889 Get:96 http://deb.debian.org/debian trixie/main amd64 libreoffice-writer-nogui amd64 4:25.2.3-2+deb13u6 [9147 kB]
#6 3.969 Get:97 http://deb.debian.org/debian trixie/main amd64 poppler-data all 0.4.12-1 [1601 kB]
#6 3.982 Get:98 http://deb.debian.org/debian trixie/main amd64 python3-idna all 3.10-1+deb13u1 [43.0 kB]
#6 3.983 Get:99 http://deb.debian.org/debian trixie/main amd64 python3-cffi-backend amd64 1.17.1-3 [93.4 kB]
#6 3.984 Get:100 http://deb.debian.org/debian trixie/main amd64 libcares2 amd64 1.34.5-1+deb13u1 [98.3 kB]
#6 3.984 Get:101 http://deb.debian.org/debian trixie/main amd64 python3-pycares amd64 4.4.0-2+b3 [34.4 kB]
#6 3.985 Get:102 http://deb.debian.org/debian trixie/main amd64 python3-aiodns all 3.2.0-2 [8216 B]
#6 3.985 Get:103 http://deb.debian.org/debian trixie/main amd64 python3-typing-extensions all 4.13.2-1 [90.5 kB]
#6 3.985 Get:104 http://deb.debian.org/debian trixie/main amd64 python3-multidict amd64 6.4.3-1 [52.8 kB]
#6 3.986 Get:105 http://deb.debian.org/debian trixie/main amd64 python3-propcache amd64 0.3.1-1 [40.5 kB]
#6 3.986 Get:106 http://deb.debian.org/debian trixie/main amd64 python3-yarl amd64 1.19.0-1 [96.5 kB]
#6 3.990 Get:107 http://deb.debian.org/debian trixie/main amd64 python3-async-timeout all 5.0.1-1 [8324 B]
#6 3.997 Get:108 http://deb.debian.org/debian trixie/main amd64 python3-aiohappyeyeballs all 2.6.1-1 [14.4 kB]
#6 3.999 Get:109 http://deb.debian.org/debian trixie/main amd64 python3-frozenlist amd64 1.6.0-1 [99.7 kB]
#6 4.001 Get:110 http://deb.debian.org/debian trixie/main amd64 python3-aiosignal all 1.3.2-1 [6100 B]
#6 4.003 Get:111 http://deb.debian.org/debian trixie/main amd64 python3-attr all 25.3.0-1 [69.5 kB]
#6 4.004 Get:112 http://deb.debian.org/debian trixie/main amd64 python3-aiohttp amd64 3.11.16-1+deb13u1 [406 kB]
#6 4.008 Get:113 http://deb.debian.org/debian trixie/main amd64 python3-yaml amd64 6.0.2-1+b2 [136 kB]
#6 4.009 Get:114 http://deb.debian.org/debian trixie/main amd64 python3-aiosqlite all 0.21.0-1 [16.7 kB]
#6 4.010 Get:115 http://deb.debian.org/debian trixie/main amd64 python3-asyncpg amd64 0.30.0-1.1 [527 kB]
#6 4.015 Get:116 http://deb.debian.org/debian trixie/main amd64 python3-redis all 6.1.0-2 [249 kB]
#6 4.017 Get:117 http://deb.debian.org/debian trixie/main amd64 postfix-mta-sts-resolver all 1.5.0-1 [38.1 kB]
#6 4.020 Get:118 http://deb.debian.org/debian trixie-updates/main amd64 libpython3.13 amd64 3.13.5-2+deb13u4 [2161 kB]
#6 4.039 Get:119 http://deb.debian.org/debian trixie/main amd64 python3-uno amd64 4:25.2.3-2+deb13u6 [173 kB]
#6 4.040 Get:120 http://deb.debian.org/debian trixie/main amd64 liblockfile-bin amd64 1.17-2 [15.8 kB]
#6 4.040 Get:121 http://deb.debian.org/debian trixie/main amd64 liblockfile1 amd64 1.17-2 [11.9 kB]
#6 4.041 Get:122 http://deb.debian.org/debian trixie/main amd64 lockfile-progs amd64 0.2.0 [8988 B]
#6 4.041 Get:123 http://deb.debian.org/debian trixie/main amd64 sendmail-base all 8.18.1-6 [340 kB]
#6 4.043 Get:124 http://deb.debian.org/debian trixie/main amd64 sendmail-cf all 8.18.1-6 [291 kB]
#6 4.046 Get:125 http://deb.debian.org/debian trixie/main amd64 libtirpc-common all 1.3.6+ds-1 [11.0 kB]
#6 4.047 Get:126 http://deb.debian.org/debian trixie/main amd64 libtirpc3t64 amd64 1.3.6+ds-1 [83.3 kB]
#6 4.048 Get:127 http://deb.debian.org/debian trixie/main amd64 libnsl2 amd64 1.3.0-3+b3 [40.6 kB]
#6 4.050 Get:128 http://deb.debian.org/debian trixie/main amd64 libwrap0 amd64 7.6.q-36 [55.3 kB]
#6 4.060 Get:129 http://deb.debian.org/debian trixie/main amd64 sendmail-bin amd64 8.18.1-6+b1 [733 kB]
#6 4.073 Get:130 http://deb.debian.org/debian trixie/main amd64 libc-l10n all 2.41-12+deb13u3 [740 kB]
#6 4.089 Get:131 http://deb.debian.org/debian trixie/main amd64 locales all 2.41-12+deb13u3 [3925 kB]
#6 4.123 Get:132 http://deb.debian.org/debian trixie/main amd64 alsa-topology-conf all 1.2.5.1-3 [15.3 kB]
#6 4.123 Get:133 http://deb.debian.org/debian trixie/main amd64 libasound2-data all 1.2.14-1 [21.1 kB]
#6 4.123 Get:134 http://deb.debian.org/debian trixie/main amd64 libasound2t64 amd64 1.2.14-1 [381 kB]
#6 4.126 Get:135 http://deb.debian.org/debian trixie/main amd64 alsa-ucm-conf all 1.2.14-1 [92.5 kB]
#6 4.127 Get:136 http://deb.debian.org/debian trixie/main amd64 apparmor amd64 4.1.0-1 [710 kB]
#6 4.133 Get:137 http://deb.debian.org/debian trixie/main amd64 ca-certificates-java all 20240118 [11.6 kB]
#6 4.133 Get:138 http://deb.debian.org/debian trixie/main amd64 java-common all 0.76 [6776 B]
#6 4.133 Get:139 http://deb.debian.org/debian trixie/main amd64 libpcsclite1 amd64 2.3.3-1 [55.2 kB]
#6 4.141 Get:140 http://deb.debian.org/debian-security trixie-security/main amd64 openjdk-21-jre-headless amd64 21.0.12.1+1-1~deb13u1 [41.9 MB]
#6 4.518 Get:141 http://deb.debian.org/debian trixie/main amd64 default-jre-headless amd64 2:1.21-76 [3192 B]
#6 4.518 Get:142 http://deb.debian.org/debian trixie/main amd64 libtext-iconv-perl amd64 1.7-8+b4 [14.4 kB]
#6 4.518 Get:143 http://deb.debian.org/debian trixie/main amd64 emacsen-common all 3.0.8 [13.6 kB]
#6 4.518 Get:144 http://deb.debian.org/debian trixie/main amd64 dictionaries-common all 1.30.10 [174 kB]
#6 4.519 Get:145 http://deb.debian.org/debian trixie/main amd64 libev4t64 amd64 1:4.33-2.1+b1 [42.4 kB]
#6 4.520 Get:146 http://deb.debian.org/debian trixie/main amd64 libfsplib0t64 amd64 0.14-5.1 [13.8 kB]
#6 4.520 Get:147 http://deb.debian.org/debian trixie/main amd64 libgpm2 amd64 1.20.7-11+b2 [14.4 kB]
#6 4.520 Get:148 http://deb.debian.org/debian trixie/main amd64 liblua5.3-0 amd64 5.3.6-2+b4 [129 kB]
#6 4.521 Get:149 http://deb.debian.org/debian trixie/main amd64 libtre5 amd64 0.9.0-1 [50.0 kB]
#6 4.526 Get:150 http://deb.debian.org/debian trixie/main amd64 elinks-data all 0.18.0-1 [403 kB]
#6 4.530 Get:151 http://deb.debian.org/debian trixie/main amd64 elinks amd64 0.18.0-1+b1 [574 kB]
#6 4.536 Get:152 http://deb.debian.org/debian trixie/main amd64 fonts-droid-fallback all 1:8.1.0r7-1~1.gbp36536b [1807 kB]
#6 4.573 Get:153 http://deb.debian.org/debian trixie/main amd64 fonts-liberation all 1:2.1.5-3 [1475 kB]
#6 4.586 Get:154 http://deb.debian.org/debian trixie/main amd64 fonts-liberation-sans-narrow all 1:1.07.6-4 [182 kB]
#6 4.588 Get:155 http://deb.debian.org/debian trixie/main amd64 fonts-noto-mono all 20201225-2 [398 kB]
#6 4.592 Get:156 http://deb.debian.org/debian trixie/main amd64 libfontenc1 amd64 1:1.1.8-1+b2 [23.3 kB]
#6 4.592 Get:157 http://deb.debian.org/debian trixie/main amd64 xfonts-encodings all 1:1.0.4-2.2 [577 kB]
#6 4.596 Get:158 http://deb.debian.org/debian trixie/main amd64 xfonts-utils amd64 1:7.7+7 [93.3 kB]
#6 4.604 Get:159 http://deb.debian.org/debian trixie/main amd64 fonts-urw-base35 all 20200910-8 [10.8 MB]
#6 4.697 Get:160 http://deb.debian.org/debian trixie/main amd64 libgs-common all 10.05.1~dfsg-1+deb13u1 [148 kB]
#6 4.698 Get:161 http://deb.debian.org/debian trixie/main amd64 libgs10-common all 10.05.1~dfsg-1+deb13u1 [479 kB]
#6 4.702 Get:162 http://deb.debian.org/debian trixie/main amd64 libcups2t64 amd64 2.4.10-3+deb13u2 [252 kB]
#6 4.704 Get:163 http://deb.debian.org/debian trixie/main amd64 libidn12 amd64 1.43-1 [47.7 kB]
#6 4.705 Get:164 http://deb.debian.org/debian trixie/main amd64 libijs-0.35 amd64 0.35-15.2 [14.8 kB]
#6 4.705 Get:165 http://deb.debian.org/debian trixie/main amd64 libjbig2dec0 amd64 0.20-1+b3 [65.1 kB]
#6 4.705 Get:166 http://deb.debian.org/debian trixie/main amd64 libpaper2 amd64 2.2.5-0.3+b2 [16.7 kB]
#6 4.712 Get:167 http://deb.debian.org/debian trixie/main amd64 libgs10 amd64 10.05.1~dfsg-1+deb13u1 [2566 kB]
#6 4.734 Get:168 http://deb.debian.org/debian trixie/main amd64 ghostscript amd64 10.05.1~dfsg-1+deb13u1 [50.4 kB]
#6 4.735 Get:169 http://deb.debian.org/debian trixie/main amd64 gpg-wks-client amd64 2.4.7-21+deb13u1+b4 [109 kB]
#6 4.736 Get:170 http://deb.debian.org/debian trixie/main amd64 gsasl-common all 2.2.2-1.1+deb13u2 [52.8 kB]
#6 4.743 Get:171 http://deb.debian.org/debian trixie/main amd64 hunspell-en-us all 1:2020.12.07-4 [558 kB]
#6 4.748 Get:172 http://deb.debian.org/debian trixie/main amd64 javascript-common all 12+nmu1 [4864 B]
#6 4.748 Get:173 http://deb.debian.org/debian trixie/main amd64 libapache-pom-java all 33-2 [5852 B]
#6 4.748 Get:174 http://deb.debian.org/debian trixie/main amd64 libauthen-sasl-perl all 2.1700-1 [44.8 kB]
#6 4.755 Get:175 http://deb.debian.org/debian trixie/main amd64 libbcprov-java all 1.80-3 [5543 kB]
#6 4.803 Get:176 http://deb.debian.org/debian trixie/main amd64 libclone-perl amd64 0.47-1+b1 [13.9 kB]
#6 4.803 Get:177 http://deb.debian.org/debian trixie/main amd64 libcommons-parent-java all 56-1 [10.8 kB]
#6 4.810 Get:178 http://deb.debian.org/debian trixie/main amd64 libcommons-lang3-java all 3.17.0-1+deb13u1 [641 kB]
#6 4.815 Get:179 http://deb.debian.org/debian trixie/main amd64 libdata-dump-perl all 1.25-1 [28.4 kB]
#6 4.816 Get:180 http://deb.debian.org/debian trixie/main amd64 libdrm-common all 2.4.124-2 [8288 B]
#6 4.816 Get:181 http://deb.debian.org/debian trixie/main amd64 libdrm2 amd64 2.4.124-2 [39.0 kB]
#6 4.816 Get:182 http://deb.debian.org/debian trixie/main amd64 libdrm-amdgpu1 amd64 2.4.124-2 [22.6 kB]
#6 4.817 Get:183 http://deb.debian.org/debian trixie/main amd64 libpciaccess0 amd64 0.17-3+b3 [51.9 kB]
#6 4.818 Get:184 http://deb.debian.org/debian trixie/main amd64 libdrm-intel1 amd64 2.4.124-2 [64.1 kB]
#6 4.820 Get:185 http://deb.debian.org/debian trixie/main amd64 libwayland-server0 amd64 1.23.1-3 [34.4 kB]
#6 4.827 Get:186 http://deb.debian.org/debian trixie/main amd64 libz3-4 amd64 4.13.3-1 [8560 kB]
#6 4.901 Get:187 http://deb.debian.org/debian trixie/main amd64 libllvm19 amd64 1:19.1.7-3+b1 [26.0 MB]
#6 5.137 Get:188 http://deb.debian.org/debian trixie/main amd64 libsensors-config all 1:3.6.2-2 [16.2 kB]
#6 5.137 Get:189 http://deb.debian.org/debian trixie/main amd64 libsensors5 amd64 1:3.6.2-2 [37.5 kB]
#6 5.144 Get:190 http://deb.debian.org/debian trixie/main amd64 libx11-xcb1 amd64 2:1.8.12-1 [247 kB]
#6 5.147 Get:191 http://deb.debian.org/debian trixie/main amd64 libxcb-dri3-0 amd64 1.17.0-2+b1 [107 kB]
#6 5.148 Get:192 http://deb.debian.org/debian trixie/main amd64 libxcb-present0 amd64 1.17.0-2+b1 [106 kB]
#6 5.148 Get:193 http://deb.debian.org/debian trixie/main amd64 libxcb-randr0 amd64 1.17.0-2+b1 [117 kB]
#6 5.149 Get:194 http://deb.debian.org/debian trixie/main amd64 libxcb-sync1 amd64 1.17.0-2+b1 [109 kB]
#6 5.150 Get:195 http://deb.debian.org/debian trixie/main amd64 libxcb-xfixes0 amd64 1.17.0-2+b1 [109 kB]
#6 5.151 Get:196 http://deb.debian.org/debian trixie/main amd64 libxshmfence1 amd64 1.3.3-1 [10.9 kB]
#6 5.152 Get:197 http://deb.debian.org/debian trixie/main amd64 mesa-libgallium amd64 25.0.7-2+deb13u1 [9630 kB]
#6 5.249 Get:198 http://deb.debian.org/debian trixie/main amd64 libgbm1 amd64 25.0.7-2+deb13u1 [44.6 kB]
#6 5.249 Get:199 http://deb.debian.org/debian trixie/main amd64 libwayland-client0 amd64 1.23.1-3 [26.8 kB]
#6 5.249 Get:200 http://deb.debian.org/debian trixie/main amd64 libegl-mesa0 amd64 25.0.7-2+deb13u1 [128 kB]
#6 5.250 Get:201 http://deb.debian.org/debian trixie/main amd64 libencode-locale-perl all 1.05-3 [12.9 kB]
#6 5.251 Get:202 http://deb.debian.org/debian trixie/main amd64 libipc-system-simple-perl all 1.30-2 [26.8 kB]
#6 5.251 Get:203 http://deb.debian.org/debian trixie/main amd64 libfile-basedir-perl all 0.09-2 [15.1 kB]
#6 5.251 Get:204 http://deb.debian.org/debian trixie/main amd64 liburi-perl all 5.30-1 [105 kB]
#6 5.252 Get:205 http://deb.debian.org/debian trixie/main amd64 libfile-desktopentry-perl all 0.22-3 [17.6 kB]
#6 5.252 Get:206 http://deb.debian.org/debian trixie/main amd64 libtimedate-perl all 2.3300-2 [39.3 kB]
#6 5.256 Get:207 http://deb.debian.org/debian trixie/main amd64 libhttp-date-perl all 6.06-1 [10.7 kB]
#6 5.263 Get:208 http://deb.debian.org/debian trixie/main amd64 libfile-listing-perl all 6.16-1 [12.4 kB]
#6 5.263 Get:209 http://deb.debian.org/debian trixie/main amd64 libfile-mimeinfo-perl all 0.35-1 [44.4 kB]
#6 5.265 Get:210 http://deb.debian.org/debian trixie/main amd64 libfont-afm-perl all 1.20-4 [13.1 kB]
#6 5.267 Get:211 http://deb.debian.org/debian trixie/main amd64 libglvnd0 amd64 1.7.0-1+b2 [52.0 kB]
#6 5.269 Get:212 http://deb.debian.org/debian trixie/main amd64 libxcb-glx0 amd64 1.17.0-2+b1 [122 kB]
#6 5.270 Get:213 http://deb.debian.org/debian trixie/main amd64 libxxf86vm1 amd64 1:1.1.4-1+b4 [19.3 kB]
#6 5.270 Get:214 http://deb.debian.org/debian trixie/main amd64 libvulkan1 amd64 1.4.309.0-1 [130 kB]
#6 5.271 Get:215 http://deb.debian.org/debian trixie/main amd64 libgl1-mesa-dri amd64 25.0.7-2+deb13u1 [46.2 kB]
#6 5.279 Get:216 http://deb.debian.org/debian trixie/main amd64 libglx-mesa0 amd64 25.0.7-2+deb13u1 [143 kB]
#6 5.280 Get:217 http://deb.debian.org/debian trixie/main amd64 libglx0 amd64 1.7.0-1+b2 [34.9 kB]
#6 5.280 Get:218 http://deb.debian.org/debian trixie/main amd64 libgl1 amd64 1.7.0-1+b2 [89.5 kB]
#6 5.281 Get:219 http://deb.debian.org/debian trixie/main amd64 libgles2 amd64 1.7.0-1+b2 [17.3 kB]
#6 5.281 Get:220 http://deb.debian.org/debian trixie/main amd64 libgssglue1 amd64 0.9-1.1 [20.5 kB]
#6 5.282 Get:221 http://deb.debian.org/debian trixie/main amd64 libntlm0 amd64 1.8-4 [22.4 kB]
#6 5.283 Get:222 http://deb.debian.org/debian trixie/main amd64 libgsasl18 amd64 2.2.2-1.1+deb13u2 [80.1 kB]
#6 5.284 Get:223 http://deb.debian.org/debian trixie/main amd64 libhtml-tagset-perl all 3.24-1 [14.7 kB]
#6 5.284 Get:224 http://deb.debian.org/debian trixie/main amd64 libhtml-parser-perl amd64 3.83-2~deb13u1 [99.6 kB]
#6 5.285 Get:225 http://deb.debian.org/debian trixie/main amd64 libio-html-perl all 1.004-3 [16.2 kB]
#6 5.289 Get:226 http://deb.debian.org/debian trixie/main amd64 liblwp-mediatypes-perl all 6.04-2 [20.2 kB]
#6 5.289 Get:227 http://deb.debian.org/debian trixie/main amd64 libhttp-message-perl all 7.00-2 [79.8 kB]
#6 5.290 Get:228 http://deb.debian.org/debian trixie/main amd64 libhtml-form-perl all 6.12-1 [32.3 kB]
#6 5.290 Get:229 http://deb.debian.org/debian trixie/main amd64 libhtml-tree-perl all 5.07-3 [211 kB]
#6 5.292 Get:230 http://deb.debian.org/debian trixie/main amd64 libhtml-format-perl all 2.16-2 [38.8 kB]
#6 5.296 Get:231 http://deb.debian.org/debian trixie/main amd64 libhttp-cookies-perl all 6.11-1 [19.1 kB]
#6 5.297 Get:232 http://deb.debian.org/debian trixie/main amd64 libhttp-daemon-perl all 6.16-1+deb13u1 [23.8 kB]
#6 5.297 Get:233 http://deb.debian.org/debian trixie/main amd64 libhttp-negotiate-perl all 6.01-2 [13.1 kB]
#6 5.297 Get:234 http://deb.debian.org/debian trixie/main amd64 libio-compress-brotli-perl amd64 0.004001-2+b3 [16.9 kB]
#6 5.297 Get:235 http://deb.debian.org/debian trixie/main amd64 perl-openssl-defaults amd64 7+b2 [6724 B]
#6 5.303 Get:236 http://deb.debian.org/debian trixie/main amd64 libnet-ssleay-perl amd64 1.94-3 [339 kB]
#6 5.306 Get:237 http://deb.debian.org/debian trixie/main amd64 libio-socket-ssl-perl all 2.089-1 [223 kB]
#6 5.308 Get:238 http://deb.debian.org/debian trixie/main amd64 libio-stringy-perl all 2.113-2 [48.3 kB]
#6 5.308 Get:239 http://deb.debian.org/debian trixie/main amd64 libjs-jquery all 3.6.1+dfsg+~3.5.14-1 [326 kB]
#6 5.311 Get:240 http://deb.debian.org/debian trixie/main amd64 libnet-http-perl all 6.23-1 [23.9 kB]
#6 5.311 Get:241 http://deb.debian.org/debian trixie/main amd64 libtry-tiny-perl all 0.32-1 [22.9 kB]
#6 5.311 Get:242 http://deb.debian.org/debian trixie/main amd64 libwww-robotrules-perl all 6.02-1 [12.9 kB]
#6 5.319 Get:243 http://deb.debian.org/debian trixie/main amd64 libwww-perl all 6.78-1 [183 kB]
#6 5.321 Get:244 http://deb.debian.org/debian trixie/main amd64 liblwp-protocol-https-perl all 6.14-1 [10.8 kB]
#6 5.321 Get:245 http://deb.debian.org/debian trixie/main amd64 libmagic-dev amd64 1:5.46-5 [122 kB]
#6 5.322 Get:246 http://deb.debian.org/debian trixie/main amd64 libnet-smtp-ssl-perl all 1.04-2 [6548 B]
#6 5.322 Get:247 http://deb.debian.org/debian trixie/main amd64 libmailtools-perl all 2.22-1 [88.8 kB]
#6 5.323 Get:248 http://deb.debian.org/debian trixie/main amd64 libxml-parser-perl amd64 2.47-2~deb13u1 [198 kB]
#6 5.324 Get:249 http://deb.debian.org/debian trixie/main amd64 libxml-twig-perl all 1:3.52-3 [177 kB]
#6 5.326 Get:250 http://deb.debian.org/debian trixie/main amd64 libnet-dbus-perl amd64 1.2.0-2+b3 [168 kB]
#6 5.327 Get:251 http://deb.debian.org/debian trixie/main amd64 libpaper-utils amd64 2.2.5-0.3+b2 [16.5 kB]
#6 5.328 Get:252 http://deb.debian.org/debian trixie/main amd64 libtie-ixhash-perl all 1.23-4 [11.7 kB]
#6 5.332 Get:253 http://deb.debian.org/debian trixie/main amd64 libtokyocabinet9t64 amd64 1.4.48-15.1+b1 [373 kB]
#6 5.336 Get:254 http://deb.debian.org/debian trixie/main amd64 libuv1t64 amd64 1.50.0-2 [154 kB]
#6 5.337 Get:255 http://deb.debian.org/debian trixie/main amd64 libx11-protocol-perl all 0.56-9 [120 kB]
#6 5.338 Get:256 http://deb.debian.org/debian trixie/main amd64 libxmu6 amd64 2:1.1.3-3+b4 [59.0 kB]
#6 5.339 Get:257 http://deb.debian.org/debian trixie/main amd64 libxpm4 amd64 1:3.5.17-1+deb13u1 [55.9 kB]
#6 5.339 Get:258 http://deb.debian.org/debian trixie/main amd64 libxaw7 amd64 2:1.0.16-1 [212 kB]
#6 5.342 Get:259 http://deb.debian.org/debian trixie/main amd64 libxcb-shape0 amd64 1.17.0-2+b1 [106 kB]
#6 5.343 Get:260 http://deb.debian.org/debian trixie/main amd64 libxcomposite1 amd64 1:0.4.6-1 [16.3 kB]
#6 5.343 Get:261 http://deb.debian.org/debian trixie/main amd64 libxfixes3 amd64 1:6.0.0-2+b4 [20.2 kB]
#6 5.344 Get:262 http://deb.debian.org/debian trixie/main amd64 libxcursor1 amd64 1:1.2.3-1 [39.7 kB]
#6 5.346 Get:263 http://deb.debian.org/debian trixie/main amd64 libxi6 amd64 2:1.8.2-1 [78.9 kB]
#6 5.347 Get:264 http://deb.debian.org/debian trixie/main amd64 libxinerama1 amd64 2:1.1.4-3+b4 [16.0 kB]
#6 5.347 Get:265 http://deb.debian.org/debian trixie/main amd64 libxkbfile1 amd64 1:1.1.0-1+b4 [76.5 kB]
#6 5.348 Get:266 http://deb.debian.org/debian trixie/main amd64 libxml-xpathengine-perl all 0.14-2 [33.5 kB]
#6 5.352 Get:267 http://deb.debian.org/debian trixie/main amd64 libxmuu1 amd64 2:1.1.3-3+b4 [21.9 kB]
#6 5.353 Get:268 http://deb.debian.org/debian trixie/main amd64 libxrandr2 amd64 2:1.5.4-1+b3 [36.3 kB]
#6 5.353 Get:269 http://deb.debian.org/debian trixie/main amd64 libxtst6 amd64 2:1.2.5-1 [25.8 kB]
#6 5.354 Get:270 http://deb.debian.org/debian trixie/main amd64 libxv1 amd64 2:1.0.11-1.1+b3 [23.4 kB]
#6 5.354 Get:271 http://deb.debian.org/debian trixie/main amd64 libxxf86dga1 amd64 2:1.1.5-1+b3 [20.8 kB]
#6 5.355 Get:272 http://deb.debian.org/debian trixie/main amd64 luit amd64 2.0.20240910-1 [55.1 kB]
#6 5.360 Get:273 http://deb.debian.org/debian trixie/main amd64 mailcap all 3.74 [32.8 kB]
#6 5.360 Get:274 http://deb.debian.org/debian trixie/main amd64 mesa-vulkan-drivers amd64 25.0.7-2+deb13u1 [14.2 MB]
#6 5.482 Get:275 http://deb.debian.org/debian trixie/main amd64 mutt amd64 2.2.13-1+deb13u1 [1878 kB]
#6 5.531 Get:276 http://deb.debian.org/debian trixie/main amd64 pdftk-java all 3.3.3-2 [981 kB]
#6 5.540 Get:277 http://deb.debian.org/debian trixie/main amd64 poppler-utils amd64 25.03.0-5+deb13u4 [213 kB]
#6 5.541 Get:278 http://deb.debian.org/debian trixie/main amd64 postgresql-client-common all 278 [47.1 kB]
#6 5.542 Get:279 http://deb.debian.org/debian-security trixie-security/main amd64 postgresql-client-17 amd64 17.11-0+deb13u1 [2072 kB]
#6 5.560 Get:280 http://deb.debian.org/debian trixie/main amd64 postgresql-client all 17+278 [14.0 kB]
#6 5.560 Get:281 http://deb.debian.org/debian trixie/main amd64 procmail amd64 3.24+really3.22-4 [146 kB]
#6 5.576 Get:282 http://deb.debian.org/debian trixie/main amd64 python3-uvloop amd64 0.21.0+ds1-3 [585 kB]
#6 5.582 Get:283 http://deb.debian.org/debian trixie/main amd64 sensible-mda amd64 8.18.1-6+b1 [222 kB]
#6 5.584 Get:284 http://deb.debian.org/debian trixie/main amd64 sendmail all 8.18.1-6 [220 kB]
#6 5.586 Get:285 http://deb.debian.org/debian trixie/main amd64 tnef amd64 1.4.18-4 [39.3 kB]
#6 5.589 Get:286 http://deb.debian.org/debian trixie/main amd64 unrtf amd64 0.21.10-clean-1 [50.7 kB]
#6 5.611 Get:287 http://deb.debian.org/debian trixie/main amd64 x11-utils amd64 7.7+7 [182 kB]
#6 5.612 Get:288 http://deb.debian.org/debian trixie/main amd64 x11-xserver-utils amd64 7.7+11 [163 kB]
#6 5.614 Get:289 http://deb.debian.org/debian trixie/main amd64 xdg-utils all 1.2.1-2 [75.8 kB]
#6 5.615 Get:290 http://deb.debian.org/debian trixie/main amd64 libegl1 amd64 1.7.0-1+b2 [34.6 kB]
#6 5.616 Get:291 http://deb.debian.org/debian trixie/main amd64 zutty amd64 0.16.2.20241020+dfsg1-1 [182 kB]
#6 10.48 Preconfiguring packages ...
#6 10.60 Fetched 263 MB in 3s (93.3 MB/s)
#6 10.62 Selecting previously unselected package libdbus-1-3:amd64.
#6 10.62 (Reading database ... (Reading database ... 5%(Reading database ... 10%(Reading database ... 15%(Reading database ... 20%(Reading database ... 25%(Reading database ... 30%(Reading database ... 35%(Reading database ... 40%(Reading database ... 45%(Reading database ... 50%(Reading database ... 55%(Reading database ... 60%(Reading database ... 65%(Reading database ... 70%(Reading database ... 75%(Reading database ... 80%(Reading database ... 85%(Reading database ... 90%(Reading database ... 95%(Reading database ... 100%(Reading database ... 26061 files and directories currently installed.)
#6 10.65 Preparing to unpack .../00-libdbus-1-3_1.16.2-2_amd64.deb ...
#6 10.65 Unpacking libdbus-1-3:amd64 (1.16.2-2) ...
#6 10.67 Selecting previously unselected package dbus-bin.
#6 10.68 Preparing to unpack .../01-dbus-bin_1.16.2-2_amd64.deb ...
#6 10.68 Unpacking dbus-bin (1.16.2-2) ...
#6 10.70 Selecting previously unselected package dbus-session-bus-common.
#6 10.71 Preparing to unpack .../02-dbus-session-bus-common_1.16.2-2_all.deb ...
#6 10.71 Unpacking dbus-session-bus-common (1.16.2-2) ...
#6 10.73 Selecting previously unselected package libapparmor1:amd64.
#6 10.74 Preparing to unpack .../03-libapparmor1_4.1.0-1_amd64.deb ...
#6 10.74 Unpacking libapparmor1:amd64 (4.1.0-1) ...
#6 10.77 Selecting previously unselected package dbus-daemon.
#6 10.77 Preparing to unpack .../04-dbus-daemon_1.16.2-2_amd64.deb ...
#6 10.77 Unpacking dbus-daemon (1.16.2-2) ...
#6 10.80 Selecting previously unselected package dbus-system-bus-common.
#6 10.80 Preparing to unpack .../05-dbus-system-bus-common_1.16.2-2_all.deb ...
#6 10.81 Unpacking dbus-system-bus-common (1.16.2-2) ...
#6 10.83 Selecting previously unselected package dbus.
#6 10.84 Preparing to unpack .../06-dbus_1.16.2-2_amd64.deb ...
#6 10.84 Unpacking dbus (1.16.2-2) ...
#6 10.87 Selecting previously unselected package libreoffice-style-colibre.
#6 10.88 Preparing to unpack .../07-libreoffice-style-colibre_4%3a25.2.3-2+deb13u6_all.deb ...
#6 10.88 Unpacking libreoffice-style-colibre (4:25.2.3-2+deb13u6) ...
#6 11.21 Selecting previously unselected package libreoffice-uiconfig-common.
#6 11.22 Preparing to unpack .../08-libreoffice-uiconfig-common_4%3a25.2.3-2+deb13u6_all.deb ...
#6 11.23 Unpacking libreoffice-uiconfig-common (4:25.2.3-2+deb13u6) ...
#6 11.45 Selecting previously unselected package libuno-sal3t64.
#6 11.46 Preparing to unpack .../09-libuno-sal3t64_4%3a25.2.3-2+deb13u6_amd64.deb ...
#6 11.46 Unpacking libuno-sal3t64 (4:25.2.3-2+deb13u6) ...
#6 11.50 Selecting previously unselected package libuno-salhelpergcc3-3t64.
#6 11.51 Preparing to unpack .../10-libuno-salhelpergcc3-3t64_4%3a25.2.3-2+deb13u6_amd64.deb ...
#6 11.51 Unpacking libuno-salhelpergcc3-3t64 (4:25.2.3-2+deb13u6) ...
#6 11.54 Selecting previously unselected package libuno-cppu3t64.
#6 11.55 Preparing to unpack .../11-libuno-cppu3t64_4%3a25.2.3-2+deb13u6_amd64.deb ...
#6 11.55 Unpacking libuno-cppu3t64 (4:25.2.3-2+deb13u6) ...
#6 11.58 Selecting previously unselected package uno-libs-private.
#6 11.59 Preparing to unpack .../12-uno-libs-private_4%3a25.2.3-2+deb13u6_amd64.deb ...
#6 11.60 Unpacking uno-libs-private (4:25.2.3-2+deb13u6) ...
#6 11.63 Selecting previously unselected package liblangtag-common.
#6 11.63 Preparing to unpack .../13-liblangtag-common_0.6.7-1_all.deb ...
#6 11.64 Unpacking liblangtag-common (0.6.7-1) ...
#6 11.67 Selecting previously unselected package liblangtag1:amd64.
#6 11.68 Preparing to unpack .../14-liblangtag1_0.6.7-1+b2_amd64.deb ...
#6 11.68 Unpacking liblangtag1:amd64 (0.6.7-1+b2) ...
#6 11.70 Selecting previously unselected package libuno-cppuhelpergcc3-3t64.
#6 11.71 Preparing to unpack .../15-libuno-cppuhelpergcc3-3t64_4%3a25.2.3-2+deb13u6_amd64.deb ...
#6 11.71 Unpacking libuno-cppuhelpergcc3-3t64 (4:25.2.3-2+deb13u6) ...
#6 11.74 Selecting previously unselected package libuno-purpenvhelpergcc3-3t64.
#6 11.75 Preparing to unpack .../16-libuno-purpenvhelpergcc3-3t64_4%3a25.2.3-2+deb13u6_amd64.deb ...
#6 11.75 Unpacking libuno-purpenvhelpergcc3-3t64 (4:25.2.3-2+deb13u6) ...
#6 11.77 Selecting previously unselected package ure.
#6 11.77 Preparing to unpack .../17-ure_4%3a25.2.3-2+deb13u6_amd64.deb ...
#6 11.77 Unpacking ure (4:25.2.3-2+deb13u6) ...
#6 11.84 Selecting previously unselected package libnumbertext-data.
#6 11.84 Preparing to unpack .../18-libnumbertext-data_1.0.11-4_all.deb ...
#6 11.84 Unpacking libnumbertext-data (1.0.11-4) ...
#6 11.88 Selecting previously unselected package libreoffice-common.
#6 11.88 Preparing to unpack .../19-libreoffice-common_4%3a25.2.3-2+deb13u6_all.deb ...
#6 11.89 Unpacking libreoffice-common (4:25.2.3-2+deb13u6) ...
#6 12.30 Selecting previously unselected package fonts-opensymbol.
#6 12.30 Preparing to unpack .../20-fonts-opensymbol_4%3a102.12+LibO25.2.3-2+deb13u6_all.deb ...
#6 12.30 Unpacking fonts-opensymbol (4:102.12+LibO25.2.3-2+deb13u6) ...
#6 12.33 Selecting previously unselected package libabsl20240722:amd64.
#6 12.34 Preparing to unpack .../21-libabsl20240722_20240722.0-4_amd64.deb ...
#6 12.34 Unpacking libabsl20240722:amd64 (20240722.0-4) ...
#6 12.39 Selecting previously unselected package libargon2-1:amd64.
#6 12.39 Preparing to unpack .../22-libargon2-1_0~20190702+dfsg-4+b2_amd64.deb ...
#6 12.40 Unpacking libargon2-1:amd64 (0~20190702+dfsg-4+b2) ...
#6 12.42 Selecting previously unselected package libboost-thread1.83.0:amd64.
#6 12.42 Preparing to unpack .../23-libboost-thread1.83.0_1.83.0-4.2_amd64.deb ...
#6 12.42 Unpacking libboost-thread1.83.0:amd64 (1.83.0-4.2) ...
#6 12.45 Selecting previously unselected package libboost-locale1.83.0:amd64.
#6 12.46 Preparing to unpack .../24-libboost-locale1.83.0_1.83.0-4.2_amd64.deb ...
#6 12.46 Unpacking libboost-locale1.83.0:amd64 (1.83.0-4.2) ...
#6 12.50 Selecting previously unselected package libclucene-core1t64:amd64.
#6 12.50 Preparing to unpack .../25-libclucene-core1t64_2.3.3.4+dfsg-1.2+b1_amd64.deb ...
#6 12.50 Unpacking libclucene-core1t64:amd64 (2.3.3.4+dfsg-1.2+b1) ...
#6 12.54 Selecting previously unselected package libclucene-contribs1t64:amd64.
#6 12.55 Preparing to unpack .../26-libclucene-contribs1t64_2.3.3.4+dfsg-1.2+b1_amd64.deb ...
#6 12.55 Unpacking libclucene-contribs1t64:amd64 (2.3.3.4+dfsg-1.2+b1) ...
#6 12.57 Selecting previously unselected package libcmis-0.6-6t64.
#6 12.58 Preparing to unpack .../27-libcmis-0.6-6t64_0.6.2-2.1+b1_amd64.deb ...
#6 12.58 Unpacking libcmis-0.6-6t64 (0.6.2-2.1+b1) ...
#6 12.62 Selecting previously unselected package libdconf1:amd64.
#6 12.62 Preparing to unpack .../28-libdconf1_0.40.0-5_amd64.deb ...
#6 12.63 Unpacking libdconf1:amd64 (0.40.0-5) ...
#6 12.65 Selecting previously unselected package libeot0:amd64.
#6 12.65 Preparing to unpack .../29-libeot0_0.01-5+b2_amd64.deb ...
#6 12.65 Unpacking libeot0:amd64 (0.01-5+b2) ...
#6 12.68 Selecting previously unselected package libexttextcat-data.
#6 12.68 Preparing to unpack .../30-libexttextcat-data_3.4.7-1_all.deb ...
#6 12.68 Unpacking libexttextcat-data (3.4.7-1) ...
#6 12.72 Selecting previously unselected package libexttextcat-2.0-0:amd64.
#6 12.73 Preparing to unpack .../31-libexttextcat-2.0-0_3.4.7-1+b1_amd64.deb ...
#6 12.73 Unpacking libexttextcat-2.0-0:amd64 (3.4.7-1+b1) ...
#6 12.75 Selecting previously unselected package libgpgme11t64:amd64.
#6 12.76 Preparing to unpack .../32-libgpgme11t64_1.24.2-3_amd64.deb ...
#6 12.76 Unpacking libgpgme11t64:amd64 (1.24.2-3) ...
#6 12.79 Selecting previously unselected package libgpgmepp6t64:amd64.
#6 12.79 Preparing to unpack .../33-libgpgmepp6t64_1.24.2-3_amd64.deb ...
#6 12.80 Unpacking libgpgmepp6t64:amd64 (1.24.2-3) ...
#6 12.82 Selecting previously unselected package libhunspell-1.7-0:amd64.
#6 12.83 Preparing to unpack .../34-libhunspell-1.7-0_1.7.2+really1.7.2-10+b4_amd64.deb ...
#6 12.83 Unpacking libhunspell-1.7-0:amd64 (1.7.2+really1.7.2-10+b4) ...
#6 12.87 Selecting previously unselected package libhyphen0:amd64.
#6 12.87 Preparing to unpack .../35-libhyphen0_2.8.8-7+b2_amd64.deb ...
#6 12.87 Unpacking libhyphen0:amd64 (2.8.8-7+b2) ...
#6 12.90 Selecting previously unselected package libmythes-1.2-0:amd64.
#6 12.90 Preparing to unpack .../36-libmythes-1.2-0_2%3a1.2.5-1+b2_amd64.deb ...
#6 12.90 Unpacking libmythes-1.2-0:amd64 (2:1.2.5-1+b2) ...
#6 12.93 Selecting previously unselected package libnspr4:amd64.
#6 12.93 Preparing to unpack .../37-libnspr4_2%3a4.36-1_amd64.deb ...
#6 12.93 Unpacking libnspr4:amd64 (2:4.36-1) ...
#6 12.96 Selecting previously unselected package libnss3:amd64.
#6 12.96 Preparing to unpack .../38-libnss3_2%3a3.110-1+deb13u4_amd64.deb ...
#6 12.96 Unpacking libnss3:amd64 (2:3.110-1+deb13u4) ...
#6 13.03 Selecting previously unselected package libnumbertext-1.0-0:amd64.
#6 13.03 Preparing to unpack .../39-libnumbertext-1.0-0_1.0.11-4+b2_amd64.deb ...
#6 13.04 Unpacking libnumbertext-1.0-0:amd64 (1.0.11-4+b2) ...
#6 13.06 Selecting previously unselected package libpoppler147:amd64.
#6 13.07 Preparing to unpack .../40-libpoppler147_25.03.0-5+deb13u4_amd64.deb ...
#6 13.07 Unpacking libpoppler147:amd64 (25.03.0-5+deb13u4) ...
#6 13.13 Selecting previously unselected package libyajl2:amd64.
#6 13.13 Preparing to unpack .../41-libyajl2_2.1.0-5+b2_amd64.deb ...
#6 13.14 Unpacking libyajl2:amd64 (2.1.0-5+b2) ...
#6 13.16 Selecting previously unselected package libraptor2-0:amd64.
#6 13.17 Preparing to unpack .../42-libraptor2-0_2.0.16-6_amd64.deb ...
#6 13.17 Unpacking libraptor2-0:amd64 (2.0.16-6) ...
#6 13.19 Selecting previously unselected package libmhash2:amd64.
#6 13.20 Preparing to unpack .../43-libmhash2_0.9.9.9-10_amd64.deb ...
#6 13.20 Unpacking libmhash2:amd64 (0.9.9.9-10) ...
#6 13.23 Selecting previously unselected package librasqal3t64:amd64.
#6 13.23 Preparing to unpack .../44-librasqal3t64_0.9.33-2.1+b2_amd64.deb ...
#6 13.23 Unpacking librasqal3t64:amd64 (0.9.33-2.1+b2) ...
#6 13.26 Selecting previously unselected package librdf0t64:amd64.
#6 13.27 Preparing to unpack .../45-librdf0t64_1.0.17-4+b1_amd64.deb ...
#6 13.27 Unpacking librdf0t64:amd64 (1.0.17-4+b1) ...
#6 13.30 Selecting previously unselected package librevenge-0.0-0:amd64.
#6 13.30 Preparing to unpack .../46-librevenge-0.0-0_0.0.5-3+b2_amd64.deb ...
#6 13.31 Unpacking librevenge-0.0-0:amd64 (0.0.5-3+b2) ...
#6 13.34 Selecting previously unselected package libxmlsec1t64:amd64.
#6 13.34 Preparing to unpack .../47-libxmlsec1t64_1.2.41-1+b1_amd64.deb ...
#6 13.35 Unpacking libxmlsec1t64:amd64 (1.2.41-1+b1) ...
#6 13.38 Selecting previously unselected package libxmlsec1t64-nss:amd64.
#6 13.38 Preparing to unpack .../48-libxmlsec1t64-nss_1.2.41-1+b1_amd64.deb ...
#6 13.38 Unpacking libxmlsec1t64-nss:amd64 (1.2.41-1+b1) ...
#6 13.41 Selecting previously unselected package libzxcvbn0:amd64.
#6 13.41 Preparing to unpack .../49-libzxcvbn0_2.5+dfsg-2+b2_amd64.deb ...
#6 13.42 Unpacking libzxcvbn0:amd64 (2.5+dfsg-2+b2) ...
#6 13.46 Selecting previously unselected package libreoffice-core-nogui.
#6 13.47 Preparing to unpack .../50-libreoffice-core-nogui_4%3a25.2.3-2+deb13u6_amd64.deb ...
#6 13.47 Unpacking libreoffice-core-nogui (4:25.2.3-2+deb13u6) ...
#6 13.94 Selecting previously unselected package libreoffice-base-core.
#6 13.94 Preparing to unpack .../51-libreoffice-base-core_4%3a25.2.3-2+deb13u6_amd64.deb ...
#6 13.94 Unpacking libreoffice-base-core (4:25.2.3-2+deb13u6) ...
#6 13.99 Selecting previously unselected package libreoffice-uiconfig-calc.
#6 13.99 Preparing to unpack .../52-libreoffice-uiconfig-calc_4%3a25.2.3-2+deb13u6_all.deb ...
#6 13.99 Unpacking libreoffice-uiconfig-calc (4:25.2.3-2+deb13u6) ...
#6 14.06 Selecting previously unselected package libblas3:amd64.
#6 14.07 Preparing to unpack .../53-libblas3_3.12.1-6_amd64.deb ...
#6 14.07 Unpacking libblas3:amd64 (3.12.1-6) ...
#6 14.10 Selecting previously unselected package libgfortran5:amd64.
#6 14.10 Preparing to unpack .../54-libgfortran5_14.2.0-19_amd64.deb ...
#6 14.11 Unpacking libgfortran5:amd64 (14.2.0-19) ...
#6 14.16 Selecting previously unselected package liblapack3:amd64.
#6 14.16 Preparing to unpack .../55-liblapack3_3.12.1-6_amd64.deb ...
#6 14.16 Unpacking liblapack3:amd64 (3.12.1-6) ...
#6 14.26 Selecting previously unselected package coinor-libcoinutils3v5:amd64.
#6 14.26 Preparing to unpack .../56-coinor-libcoinutils3v5_2.11.11+ds-5_amd64.deb ...
#6 14.26 Unpacking coinor-libcoinutils3v5:amd64 (2.11.11+ds-5) ...
#6 14.30 Selecting previously unselected package coinor-libosi1v5:amd64.
#6 14.30 Preparing to unpack .../57-coinor-libosi1v5_0.108.10+ds-2_amd64.deb ...
#6 14.30 Unpacking coinor-libosi1v5:amd64 (0.108.10+ds-2) ...
#6 14.33 Selecting previously unselected package coinor-libclp1:amd64.
#6 14.34 Preparing to unpack .../58-coinor-libclp1_1.17.10+ds-1_amd64.deb ...
#6 14.34 Unpacking coinor-libclp1:amd64 (1.17.10+ds-1) ...
#6 14.39 Selecting previously unselected package coinor-libcgl1:amd64.
#6 14.39 Preparing to unpack .../59-coinor-libcgl1_0.60.9+ds-1_amd64.deb ...
#6 14.40 Unpacking coinor-libcgl1:amd64 (0.60.9+ds-1) ...
#6 14.43 Selecting previously unselected package coinor-libcbc3.1:amd64.
#6 14.44 Preparing to unpack .../60-coinor-libcbc3.1_2.10.12+ds-1_amd64.deb ...
#6 14.44 Unpacking coinor-libcbc3.1:amd64 (2.10.12+ds-1) ...
#6 14.48 Selecting previously unselected package coinor-libcoinmp0:amd64.
#6 14.49 Preparing to unpack .../61-coinor-libcoinmp0_1.8.4+dfsg-2_amd64.deb ...
#6 14.49 Unpacking coinor-libcoinmp0:amd64 (1.8.4+dfsg-2) ...
#6 14.52 Selecting previously unselected package libsuitesparseconfig7:amd64.
#6 14.52 Preparing to unpack .../62-libsuitesparseconfig7_1%3a7.10.1+dfsg-1_amd64.deb ...
#6 14.53 Unpacking libsuitesparseconfig7:amd64 (1:7.10.1+dfsg-1) ...
#6 14.55 Selecting previously unselected package libcolamd3:amd64.
#6 14.56 Preparing to unpack .../63-libcolamd3_1%3a7.10.1+dfsg-1_amd64.deb ...
#6 14.56 Unpacking libcolamd3:amd64 (1:7.10.1+dfsg-1) ...
#6 14.58 Selecting previously unselected package libetonyek-0.1-1:amd64.
#6 14.59 Preparing to unpack .../64-libetonyek-0.1-1_0.1.12-1_amd64.deb ...
#6 14.59 Unpacking libetonyek-0.1-1:amd64 (0.1.12-1) ...
#6 14.64 Selecting previously unselected package libmwaw-0.3-3:amd64.
#6 14.64 Preparing to unpack .../65-libmwaw-0.3-3_0.3.22-1+b2_amd64.deb ...
#6 14.64 Unpacking libmwaw-0.3-3:amd64 (0.3.22-1+b2) ...
#6 14.75 Selecting previously unselected package libodfgen-0.1-1:amd64.
#6 14.76 Preparing to unpack .../66-libodfgen-0.1-1_0.1.8-2+b2_amd64.deb ...
#6 14.76 Unpacking libodfgen-0.1-1:amd64 (0.1.8-2+b2) ...
#6 14.79 Selecting previously unselected package libboost-iostreams1.83.0:amd64.
#6 14.79 Preparing to unpack .../67-libboost-iostreams1.83.0_1.83.0-4.2_amd64.deb ...
#6 14.80 Unpacking libboost-iostreams1.83.0:amd64 (1.83.0-4.2) ...
#6 14.83 Selecting previously unselected package liborcus-parser-0.18-0:amd64.
#6 14.83 Preparing to unpack .../68-liborcus-parser-0.18-0_0.19.2-6+b1_amd64.deb ...
#6 14.83 Unpacking liborcus-parser-0.18-0:amd64 (0.19.2-6+b1) ...
#6 14.86 Selecting previously unselected package liborcus-0.18-0:amd64.
#6 14.86 Preparing to unpack .../69-liborcus-0.18-0_0.19.2-6+b1_amd64.deb ...
#6 14.87 Unpacking liborcus-0.18-0:amd64 (0.19.2-6+b1) ...
#6 14.90 Selecting previously unselected package libstaroffice-0.0-0:amd64.
#6 14.91 Preparing to unpack .../70-libstaroffice-0.0-0_0.0.7-1+b2_amd64.deb ...
#6 14.91 Unpacking libstaroffice-0.0-0:amd64 (0.0.7-1+b2) ...
#6 14.96 Selecting previously unselected package libwps-0.4-4:amd64.
#6 14.96 Preparing to unpack .../71-libwps-0.4-4_0.4.14-2+b2_amd64.deb ...
#6 14.96 Unpacking libwps-0.4-4:amd64 (0.4.14-2+b2) ...
#6 15.02 Setting up libreoffice-style-colibre (4:25.2.3-2+deb13u6) ...
#6 15.03 Setting up libreoffice-uiconfig-common (4:25.2.3-2+deb13u6) ...
#6 15.04 Setting up libuno-sal3t64 (4:25.2.3-2+deb13u6) ...
#6 15.04 Setting up libuno-salhelpergcc3-3t64 (4:25.2.3-2+deb13u6) ...
#6 15.04 Setting up libuno-cppu3t64 (4:25.2.3-2+deb13u6) ...
#6 15.05 Setting up uno-libs-private (4:25.2.3-2+deb13u6) ...
#6 15.05 Setting up liblangtag-common (0.6.7-1) ...
#6 15.06 Setting up liblangtag1:amd64 (0.6.7-1+b2) ...
#6 15.06 Setting up libuno-cppuhelpergcc3-3t64 (4:25.2.3-2+deb13u6) ...
#6 15.07 Setting up libuno-purpenvhelpergcc3-3t64 (4:25.2.3-2+deb13u6) ...
#6 15.07 Setting up ure (4:25.2.3-2+deb13u6) ...
#6 15.07 Setting up libnumbertext-data (1.0.11-4) ...
#6 15.08 Setting up libreoffice-common (4:25.2.3-2+deb13u6) ...
#6 15.19 Creating config file /etc/libreoffice/registry/main.xcd with new version
#6 15.29 Selecting previously unselected package libreoffice-calc-nogui.
#6 15.29 (Reading database ... (Reading database ... 5%(Reading database ... 10%(Reading database ... 15%(Reading database ... 20%(Reading database ... 25%(Reading database ... 30%(Reading database ... 35%(Reading database ... 40%(Reading database ... 45%(Reading database ... 50%(Reading database ... 55%(Reading database ... 60%(Reading database ... 65%(Reading database ... 70%(Reading database ... 75%(Reading database ... 80%(Reading database ... 85%(Reading database ... 90%(Reading database ... 95%(Reading database ... 100%(Reading database ... 29650 files and directories currently installed.)
#6 15.31 Preparing to unpack .../000-libreoffice-calc-nogui_4%3a25.2.3-2+deb13u6_amd64.deb ...
#6 15.31 Unpacking libreoffice-calc-nogui (4:25.2.3-2+deb13u6) ...
#6 15.58 Selecting previously unselected package libreoffice-uiconfig-draw.
#6 15.58 Preparing to unpack .../001-libreoffice-uiconfig-draw_4%3a25.2.3-2+deb13u6_all.deb ...
#6 15.58 Unpacking libreoffice-uiconfig-draw (4:25.2.3-2+deb13u6) ...
#6 15.62 Selecting previously unselected package libreoffice-uiconfig-impress.
#6 15.63 Preparing to unpack .../002-libreoffice-uiconfig-impress_4%3a25.2.3-2+deb13u6_all.deb ...
#6 15.63 Unpacking libreoffice-uiconfig-impress (4:25.2.3-2+deb13u6) ...
#6 15.68 Selecting previously unselected package libavahi-common-data:amd64.
#6 15.69 Preparing to unpack .../003-libavahi-common-data_0.8-16_amd64.deb ...
#6 15.69 Unpacking libavahi-common-data:amd64 (0.8-16) ...
#6 15.77 Selecting previously unselected package libavahi-common3:amd64.
#6 15.78 Preparing to unpack .../004-libavahi-common3_0.8-16_amd64.deb ...
#6 15.78 Unpacking libavahi-common3:amd64 (0.8-16) ...
#6 15.80 Selecting previously unselected package libavahi-client3:amd64.
#6 15.81 Preparing to unpack .../005-libavahi-client3_0.8-16_amd64.deb ...
#6 15.81 Unpacking libavahi-client3:amd64 (0.8-16) ...
#6 15.83 Selecting previously unselected package libcdr-0.1-1:amd64.
#6 15.84 Preparing to unpack .../006-libcdr-0.1-1_0.1.7-1+b3_amd64.deb ...
#6 15.84 Unpacking libcdr-0.1-1:amd64 (0.1.7-1+b3) ...
#6 15.87 Selecting previously unselected package libfreehand-0.1-1.
#6 15.88 Preparing to unpack .../007-libfreehand-0.1-1_0.1.2-3_amd64.deb ...
#6 15.88 Unpacking libfreehand-0.1-1 (0.1.2-3) ...
#6 15.91 Selecting previously unselected package libmspub-0.1-1:amd64.
#6 15.91 Preparing to unpack .../008-libmspub-0.1-1_0.1.4-3+b5_amd64.deb ...
#6 15.91 Unpacking libmspub-0.1-1:amd64 (0.1.4-3+b5) ...
#6 15.94 Selecting previously unselected package libpagemaker-0.0-0:amd64.
#6 15.94 Preparing to unpack .../009-libpagemaker-0.0-0_0.0.4-1+b2_amd64.deb ...
#6 15.95 Unpacking libpagemaker-0.0-0:amd64 (0.0.4-1+b2) ...
#6 15.97 Selecting previously unselected package libqxp-0.0-0.
#6 15.97 Preparing to unpack .../010-libqxp-0.0-0_0.0.2-1+b4_amd64.deb ...
#6 15.98 Unpacking libqxp-0.0-0 (0.0.2-1+b4) ...
#6 16.00 Selecting previously unselected package libvisio-0.1-1:amd64.
#6 16.01 Preparing to unpack .../011-libvisio-0.1-1_0.1.7-1+b5_amd64.deb ...
#6 16.01 Unpacking libvisio-0.1-1:amd64 (0.1.7-1+b5) ...
#6 16.04 Selecting previously unselected package libwpd-0.10-10:amd64.
#6 16.04 Preparing to unpack .../012-libwpd-0.10-10_0.10.3-2+b2_amd64.deb ...
#6 16.04 Unpacking libwpd-0.10-10:amd64 (0.10.3-2+b2) ...
#6 16.07 Selecting previously unselected package libwpg-0.3-3:amd64.
#6 16.08 Preparing to unpack .../013-libwpg-0.3-3_0.3.4-3+b2_amd64.deb ...
#6 16.08 Unpacking libwpg-0.3-3:amd64 (0.3.4-3+b2) ...
#6 16.10 Selecting previously unselected package libzmf-0.0-0:amd64.
#6 16.11 Preparing to unpack .../014-libzmf-0.0-0_0.0.2-1+b9_amd64.deb ...
#6 16.11 Unpacking libzmf-0.0-0:amd64 (0.0.2-1+b9) ...
#6 16.13 Selecting previously unselected package libreoffice-draw-nogui.
#6 16.14 Preparing to unpack .../015-libreoffice-draw-nogui_4%3a25.2.3-2+deb13u6_amd64.deb ...
#6 16.14 Unpacking libreoffice-draw-nogui (4:25.2.3-2+deb13u6) ...
#6 16.31 Selecting previously unselected package libbox2d2:amd64.
#6 16.32 Preparing to unpack .../016-libbox2d2_2.4.1-3+b3_amd64.deb ...
#6 16.32 Unpacking libbox2d2:amd64 (2.4.1-3+b3) ...
#6 16.34 Selecting previously unselected package libreoffice-impress-nogui.
#6 16.35 Preparing to unpack .../017-libreoffice-impress-nogui_4%3a25.2.3-2+deb13u6_amd64.deb ...
#6 16.35 Unpacking libreoffice-impress-nogui (4:25.2.3-2+deb13u6) ...
#6 16.39 Selecting previously unselected package libreoffice-uiconfig-math.
#6 16.40 Preparing to unpack .../018-libreoffice-uiconfig-math_4%3a25.2.3-2+deb13u6_all.deb ...
#6 16.40 Unpacking libreoffice-uiconfig-math (4:25.2.3-2+deb13u6) ...
#6 16.43 Selecting previously unselected package libreoffice-math-nogui.
#6 16.43 Preparing to unpack .../019-libreoffice-math-nogui_4%3a25.2.3-2+deb13u6_amd64.deb ...
#6 16.43 Unpacking libreoffice-math-nogui (4:25.2.3-2+deb13u6) ...
#6 16.47 Selecting previously unselected package libabw-0.1-1:amd64.
#6 16.48 Preparing to unpack .../020-libabw-0.1-1_0.1.3-1+b2_amd64.deb ...
#6 16.48 Unpacking libabw-0.1-1:amd64 (0.1.3-1+b2) ...
#6 16.50 Selecting previously unselected package libe-book-0.1-1:amd64.
#6 16.51 Preparing to unpack .../021-libe-book-0.1-1_0.1.3-2+b4_amd64.deb ...
#6 16.51 Unpacking libe-book-0.1-1:amd64 (0.1.3-2+b4) ...
#6 16.54 Selecting previously unselected package libepubgen-0.1-1:amd64.
#6 16.54 Preparing to unpack .../022-libepubgen-0.1-1_0.1.1-1+b2_amd64.deb ...
#6 16.55 Unpacking libepubgen-0.1-1:amd64 (0.1.1-1+b2) ...
#6 16.57 Selecting previously unselected package libreoffice-writer-nogui.
#6 16.57 Preparing to unpack .../023-libreoffice-writer-nogui_4%3a25.2.3-2+deb13u6_amd64.deb ...
#6 16.58 Unpacking libreoffice-writer-nogui (4:25.2.3-2+deb13u6) ...
#6 16.85 Selecting previously unselected package poppler-data.
#6 16.85 Preparing to unpack .../024-poppler-data_0.4.12-1_all.deb ...
#6 16.85 Unpacking poppler-data (0.4.12-1) ...
#6 16.98 Selecting previously unselected package python3-idna.
#6 16.98 Preparing to unpack .../025-python3-idna_3.10-1+deb13u1_all.deb ...
#6 16.99 Unpacking python3-idna (3.10-1+deb13u1) ...
#6 17.01 Selecting previously unselected package python3-cffi-backend:amd64.
#6 17.01 Preparing to unpack .../026-python3-cffi-backend_1.17.1-3_amd64.deb ...
#6 17.02 Unpacking python3-cffi-backend:amd64 (1.17.1-3) ...
#6 17.04 Selecting previously unselected package libcares2:amd64.
#6 17.05 Preparing to unpack .../027-libcares2_1.34.5-1+deb13u1_amd64.deb ...
#6 17.05 Unpacking libcares2:amd64 (1.34.5-1+deb13u1) ...
#6 17.08 Selecting previously unselected package python3-pycares.
#6 17.08 Preparing to unpack .../028-python3-pycares_4.4.0-2+b3_amd64.deb ...
#6 17.09 Unpacking python3-pycares (4.4.0-2+b3) ...
#6 17.11 Selecting previously unselected package python3-aiodns.
#6 17.11 Preparing to unpack .../029-python3-aiodns_3.2.0-2_all.deb ...
#6 17.12 Unpacking python3-aiodns (3.2.0-2) ...
#6 17.14 Selecting previously unselected package python3-typing-extensions.
#6 17.14 Preparing to unpack .../030-python3-typing-extensions_4.13.2-1_all.deb ...
#6 17.14 Unpacking python3-typing-extensions (4.13.2-1) ...
#6 17.17 Selecting previously unselected package python3-multidict.
#6 17.17 Preparing to unpack .../031-python3-multidict_6.4.3-1_amd64.deb ...
#6 17.18 Unpacking python3-multidict (6.4.3-1) ...
#6 17.20 Selecting previously unselected package python3-propcache.
#6 17.21 Preparing to unpack .../032-python3-propcache_0.3.1-1_amd64.deb ...
#6 17.21 Unpacking python3-propcache (0.3.1-1) ...
#6 17.24 Selecting previously unselected package python3-yarl.
#6 17.24 Preparing to unpack .../033-python3-yarl_1.19.0-1_amd64.deb ...
#6 17.24 Unpacking python3-yarl (1.19.0-1) ...
#6 17.27 Selecting previously unselected package python3-async-timeout.
#6 17.27 Preparing to unpack .../034-python3-async-timeout_5.0.1-1_all.deb ...
#6 17.28 Unpacking python3-async-timeout (5.0.1-1) ...
#6 17.30 Selecting previously unselected package python3-aiohappyeyeballs.
#6 17.30 Preparing to unpack .../035-python3-aiohappyeyeballs_2.6.1-1_all.deb ...
#6 17.31 Unpacking python3-aiohappyeyeballs (2.6.1-1) ...
#6 17.33 Selecting previously unselected package python3-frozenlist.
#6 17.33 Preparing to unpack .../036-python3-frozenlist_1.6.0-1_amd64.deb ...
#6 17.34 Unpacking python3-frozenlist (1.6.0-1) ...
#6 17.36 Selecting previously unselected package python3-aiosignal.
#6 17.37 Preparing to unpack .../037-python3-aiosignal_1.3.2-1_all.deb ...
#6 17.37 Unpacking python3-aiosignal (1.3.2-1) ...
#6 17.39 Selecting previously unselected package python3-attr.
#6 17.40 Preparing to unpack .../038-python3-attr_25.3.0-1_all.deb ...
#6 17.40 Unpacking python3-attr (25.3.0-1) ...
#6 17.43 Selecting previously unselected package python3-aiohttp.
#6 17.43 Preparing to unpack .../039-python3-aiohttp_3.11.16-1+deb13u1_amd64.deb ...
#6 17.43 Unpacking python3-aiohttp (3.11.16-1+deb13u1) ...
#6 17.47 Selecting previously unselected package python3-yaml.
#6 17.48 Preparing to unpack .../040-python3-yaml_6.0.2-1+b2_amd64.deb ...
#6 17.48 Unpacking python3-yaml (6.0.2-1+b2) ...
#6 17.51 Selecting previously unselected package python3-aiosqlite.
#6 17.52 Preparing to unpack .../041-python3-aiosqlite_0.21.0-1_all.deb ...
#6 17.52 Unpacking python3-aiosqlite (0.21.0-1) ...
#6 17.54 Selecting previously unselected package python3-asyncpg.
#6 17.55 Preparing to unpack .../042-python3-asyncpg_0.30.0-1.1_amd64.deb ...
#6 17.55 Unpacking python3-asyncpg (0.30.0-1.1) ...
#6 17.59 Selecting previously unselected package python3-redis.
#6 17.60 Preparing to unpack .../043-python3-redis_6.1.0-2_all.deb ...
#6 17.60 Unpacking python3-redis (6.1.0-2) ...
#6 17.65 Selecting previously unselected package postfix-mta-sts-resolver.
#6 17.65 Preparing to unpack .../044-postfix-mta-sts-resolver_1.5.0-1_all.deb ...
#6 17.65 Unpacking postfix-mta-sts-resolver (1.5.0-1) ...
#6 17.68 Selecting previously unselected package libpython3.13:amd64.
#6 17.69 Preparing to unpack .../045-libpython3.13_3.13.5-2+deb13u4_amd64.deb ...
#6 17.69 Unpacking libpython3.13:amd64 (3.13.5-2+deb13u4) ...
#6 17.78 Selecting previously unselected package python3-uno.
#6 17.79 Preparing to unpack .../046-python3-uno_4%3a25.2.3-2+deb13u6_amd64.deb ...
#6 17.79 Unpacking python3-uno (4:25.2.3-2+deb13u6) ...
#6 17.83 Selecting previously unselected package liblockfile-bin.
#6 17.83 Preparing to unpack .../047-liblockfile-bin_1.17-2_amd64.deb ...
#6 17.83 Unpacking liblockfile-bin (1.17-2) ...
#6 17.86 Selecting previously unselected package liblockfile1:amd64.
#6 17.86 Preparing to unpack .../048-liblockfile1_1.17-2_amd64.deb ...
#6 17.86 Unpacking liblockfile1:amd64 (1.17-2) ...
#6 17.89 Selecting previously unselected package lockfile-progs.
#6 17.89 Preparing to unpack .../049-lockfile-progs_0.2.0_amd64.deb ...
#6 17.89 Unpacking lockfile-progs (0.2.0) ...
#6 17.92 Selecting previously unselected package sendmail-base.
#6 17.92 Preparing to unpack .../050-sendmail-base_8.18.1-6_all.deb ...
#6 17.93 Unpacking sendmail-base (8.18.1-6) ...
#6 17.98 Selecting previously unselected package sendmail-cf.
#6 17.98 Preparing to unpack .../051-sendmail-cf_8.18.1-6_all.deb ...
#6 17.98 Unpacking sendmail-cf (8.18.1-6) ...
#6 18.03 Selecting previously unselected package libtirpc-common.
#6 18.03 Preparing to unpack .../052-libtirpc-common_1.3.6+ds-1_all.deb ...
#6 18.03 Unpacking libtirpc-common (1.3.6+ds-1) ...
#6 18.06 Selecting previously unselected package libtirpc3t64:amd64.
#6 18.06 Preparing to unpack .../053-libtirpc3t64_1.3.6+ds-1_amd64.deb ...
#6 18.07 Adding 'diversion of /lib/x86_64-linux-gnu/libtirpc.so.3 to /lib/x86_64-linux-gnu/libtirpc.so.3.usr-is-merged by libtirpc3t64'
#6 18.08 Adding 'diversion of /lib/x86_64-linux-gnu/libtirpc.so.3.0.0 to /lib/x86_64-linux-gnu/libtirpc.so.3.0.0.usr-is-merged by libtirpc3t64'
#6 18.09 Unpacking libtirpc3t64:amd64 (1.3.6+ds-1) ...
#6 18.11 Selecting previously unselected package libnsl2:amd64.
#6 18.12 Preparing to unpack .../054-libnsl2_1.3.0-3+b3_amd64.deb ...
#6 18.12 Unpacking libnsl2:amd64 (1.3.0-3+b3) ...
#6 18.14 Selecting previously unselected package libwrap0:amd64.
#6 18.15 Preparing to unpack .../055-libwrap0_7.6.q-36_amd64.deb ...
#6 18.15 Unpacking libwrap0:amd64 (7.6.q-36) ...
#6 18.18 Selecting previously unselected package sendmail-bin.
#6 18.18 Preparing to unpack .../056-sendmail-bin_8.18.1-6+b1_amd64.deb ...
#6 18.22 Unpacking sendmail-bin (8.18.1-6+b1) ...
#6 18.26 Selecting previously unselected package libc-l10n.
#6 18.27 Preparing to unpack .../057-libc-l10n_2.41-12+deb13u3_all.deb ...
#6 18.27 Unpacking libc-l10n (2.41-12+deb13u3) ...
#6 18.33 Selecting previously unselected package locales.
#6 18.33 Preparing to unpack .../058-locales_2.41-12+deb13u3_all.deb ...
#6 18.34 Unpacking locales (2.41-12+deb13u3) ...
#6 18.51 Selecting previously unselected package alsa-topology-conf.
#6 18.51 Preparing to unpack .../059-alsa-topology-conf_1.2.5.1-3_all.deb ...
#6 18.51 Unpacking alsa-topology-conf (1.2.5.1-3) ...
#6 18.54 Selecting previously unselected package libasound2-data.
#6 18.54 Preparing to unpack .../060-libasound2-data_1.2.14-1_all.deb ...
#6 18.54 Unpacking libasound2-data (1.2.14-1) ...
#6 18.57 Selecting previously unselected package libasound2t64:amd64.
#6 18.58 Preparing to unpack .../061-libasound2t64_1.2.14-1_amd64.deb ...
#6 18.58 Unpacking libasound2t64:amd64 (1.2.14-1) ...
#6 18.61 Selecting previously unselected package alsa-ucm-conf.
#6 18.62 Preparing to unpack .../062-alsa-ucm-conf_1.2.14-1_all.deb ...
#6 18.62 Unpacking alsa-ucm-conf (1.2.14-1) ...
#6 18.73 Selecting previously unselected package apparmor.
#6 18.74 Preparing to unpack .../063-apparmor_4.1.0-1_amd64.deb ...
#6 18.76 Unpacking apparmor (4.1.0-1) ...
#6 18.86 Selecting previously unselected package ca-certificates-java.
#6 18.87 Preparing to unpack .../064-ca-certificates-java_20240118_all.deb ...
#6 18.87 Unpacking ca-certificates-java (20240118) ...
#6 18.90 Selecting previously unselected package java-common.
#6 18.91 Preparing to unpack .../065-java-common_0.76_all.deb ...
#6 18.91 Unpacking java-common (0.76) ...
#6 18.93 Selecting previously unselected package libpcsclite1:amd64.
#6 18.94 Preparing to unpack .../066-libpcsclite1_2.3.3-1_amd64.deb ...
#6 18.94 Unpacking libpcsclite1:amd64 (2.3.3-1) ...
#6 18.96 Selecting previously unselected package openjdk-21-jre-headless:amd64.
#6 18.97 Preparing to unpack .../067-openjdk-21-jre-headless_21.0.12.1+1-1~deb13u1_amd64.deb ...
#6 18.97 Unpacking openjdk-21-jre-headless:amd64 (21.0.12.1+1-1~deb13u1) ...
#6 19.64 Selecting previously unselected package default-jre-headless.
#6 19.65 Preparing to unpack .../068-default-jre-headless_2%3a1.21-76_amd64.deb ...
#6 19.65 Unpacking default-jre-headless (2:1.21-76) ...
#6 19.67 Selecting previously unselected package libtext-iconv-perl:amd64.
#6 19.67 Preparing to unpack .../069-libtext-iconv-perl_1.7-8+b4_amd64.deb ...
#6 19.67 Unpacking libtext-iconv-perl:amd64 (1.7-8+b4) ...
#6 19.70 Selecting previously unselected package emacsen-common.
#6 19.70 Preparing to unpack .../070-emacsen-common_3.0.8_all.deb ...
#6 19.71 Unpacking emacsen-common (3.0.8) ...
#6 19.75 Selecting previously unselected package dictionaries-common.
#6 19.75 Preparing to unpack .../071-dictionaries-common_1.30.10_all.deb ...
#6 19.76 Adding 'diversion of /usr/share/dict/words to /usr/share/dict/words.pre-dictionaries-common by dictionaries-common'
#6 19.77 Unpacking dictionaries-common (1.30.10) ...
#6 19.81 Selecting previously unselected package libev4t64:amd64.
#6 19.82 Preparing to unpack .../072-libev4t64_1%3a4.33-2.1+b1_amd64.deb ...
#6 19.82 Unpacking libev4t64:amd64 (1:4.33-2.1+b1) ...
#6 19.85 Selecting previously unselected package libfsplib0t64.
#6 19.85 Preparing to unpack .../073-libfsplib0t64_0.14-5.1_amd64.deb ...
#6 19.85 Unpacking libfsplib0t64 (0.14-5.1) ...
#6 19.88 Selecting previously unselected package libgpm2:amd64.
#6 19.88 Preparing to unpack .../074-libgpm2_1.20.7-11+b2_amd64.deb ...
#6 19.88 Unpacking libgpm2:amd64 (1.20.7-11+b2) ...
#6 19.91 Selecting previously unselected package liblua5.3-0:amd64.
#6 19.91 Preparing to unpack .../075-liblua5.3-0_5.3.6-2+b4_amd64.deb ...
#6 19.91 Unpacking liblua5.3-0:amd64 (5.3.6-2+b4) ...
#6 19.94 Selecting previously unselected package libtre5:amd64.
#6 19.94 Preparing to unpack .../076-libtre5_0.9.0-1_amd64.deb ...
#6 19.94 Unpacking libtre5:amd64 (0.9.0-1) ...
#6 19.97 Selecting previously unselected package elinks-data.
#6 19.97 Preparing to unpack .../077-elinks-data_0.18.0-1_all.deb ...
#6 19.97 Unpacking elinks-data (0.18.0-1) ...
#6 20.02 Selecting previously unselected package elinks.
#6 20.02 Preparing to unpack .../078-elinks_0.18.0-1+b1_amd64.deb ...
#6 20.03 Unpacking elinks (0.18.0-1+b1) ...
#6 20.07 Selecting previously unselected package fonts-droid-fallback.
#6 20.07 Preparing to unpack .../079-fonts-droid-fallback_1%3a8.1.0r7-1~1.gbp36536b_all.deb ...
#6 20.08 Unpacking fonts-droid-fallback (1:8.1.0r7-1~1.gbp36536b) ...
#6 20.16 Selecting previously unselected package fonts-liberation.
#6 20.17 Preparing to unpack .../080-fonts-liberation_1%3a2.1.5-3_all.deb ...
#6 20.17 Unpacking fonts-liberation (1:2.1.5-3) ...
#6 20.23 Selecting previously unselected package fonts-liberation-sans-narrow.
#6 20.24 Preparing to unpack .../081-fonts-liberation-sans-narrow_1%3a1.07.6-4_all.deb ...
#6 20.24 Unpacking fonts-liberation-sans-narrow (1:1.07.6-4) ...
#6 20.26 Selecting previously unselected package fonts-noto-mono.
#6 20.27 Preparing to unpack .../082-fonts-noto-mono_20201225-2_all.deb ...
#6 20.27 Unpacking fonts-noto-mono (20201225-2) ...
#6 20.32 Selecting previously unselected package libfontenc1:amd64.
#6 20.33 Preparing to unpack .../083-libfontenc1_1%3a1.1.8-1+b2_amd64.deb ...
#6 20.33 Unpacking libfontenc1:amd64 (1:1.1.8-1+b2) ...
#6 20.35 Selecting previously unselected package xfonts-encodings.
#6 20.35 Preparing to unpack .../084-xfonts-encodings_1%3a1.0.4-2.2_all.deb ...
#6 20.36 Unpacking xfonts-encodings (1:1.0.4-2.2) ...
#6 20.39 Selecting previously unselected package xfonts-utils.
#6 20.40 Preparing to unpack .../085-xfonts-utils_1%3a7.7+7_amd64.deb ...
#6 20.40 Unpacking xfonts-utils (1:7.7+7) ...
#6 20.43 Selecting previously unselected package fonts-urw-base35.
#6 20.43 Preparing to unpack .../086-fonts-urw-base35_20200910-8_all.deb ...
#6 20.49 Unpacking fonts-urw-base35 (20200910-8) ...
#6 20.66 Selecting previously unselected package libgs-common.
#6 20.67 Preparing to unpack .../087-libgs-common_10.05.1~dfsg-1+deb13u1_all.deb ...
#6 20.67 Unpacking libgs-common (10.05.1~dfsg-1+deb13u1) ...
#6 20.70 Selecting previously unselected package libgs10-common.
#6 20.70 Preparing to unpack .../088-libgs10-common_10.05.1~dfsg-1+deb13u1_all.deb ...
#6 20.71 Unpacking libgs10-common (10.05.1~dfsg-1+deb13u1) ...
#6 20.77 Selecting previously unselected package libcups2t64:amd64.
#6 20.77 Preparing to unpack .../089-libcups2t64_2.4.10-3+deb13u2_amd64.deb ...
#6 20.77 Unpacking libcups2t64:amd64 (2.4.10-3+deb13u2) ...
#6 20.81 Selecting previously unselected package libidn12:amd64.
#6 20.81 Preparing to unpack .../090-libidn12_1.43-1_amd64.deb ...
#6 20.82 Unpacking libidn12:amd64 (1.43-1) ...
#6 20.84 Selecting previously unselected package libijs-0.35:amd64.
#6 20.85 Preparing to unpack .../091-libijs-0.35_0.35-15.2_amd64.deb ...
#6 20.85 Unpacking libijs-0.35:amd64 (0.35-15.2) ...
#6 20.87 Selecting previously unselected package libjbig2dec0:amd64.
#6 20.88 Preparing to unpack .../092-libjbig2dec0_0.20-1+b3_amd64.deb ...
#6 20.88 Unpacking libjbig2dec0:amd64 (0.20-1+b3) ...
#6 20.91 Selecting previously unselected package libpaper2:amd64.
#6 20.91 Preparing to unpack .../093-libpaper2_2.2.5-0.3+b2_amd64.deb ...
#6 20.91 Unpacking libpaper2:amd64 (2.2.5-0.3+b2) ...
#6 20.94 Selecting previously unselected package libgs10:amd64.
#6 20.94 Preparing to unpack .../094-libgs10_10.05.1~dfsg-1+deb13u1_amd64.deb ...
#6 20.95 Unpacking libgs10:amd64 (10.05.1~dfsg-1+deb13u1) ...
#6 21.08 Selecting previously unselected package ghostscript.
#6 21.09 Preparing to unpack .../095-ghostscript_10.05.1~dfsg-1+deb13u1_amd64.deb ...
#6 21.09 Unpacking ghostscript (10.05.1~dfsg-1+deb13u1) ...
#6 21.12 Selecting previously unselected package gpg-wks-client.
#6 21.12 Preparing to unpack .../096-gpg-wks-client_2.4.7-21+deb13u1+b4_amd64.deb ...
#6 21.13 Unpacking gpg-wks-client (2.4.7-21+deb13u1+b4) ...
#6 21.15 Selecting previously unselected package gsasl-common.
#6 21.15 Preparing to unpack .../097-gsasl-common_2.2.2-1.1+deb13u2_all.deb ...
#6 21.16 Unpacking gsasl-common (2.2.2-1.1+deb13u2) ...
#6 21.18 Selecting previously unselected package hunspell-en-us.
#6 21.19 Preparing to unpack .../098-hunspell-en-us_1%3a2020.12.07-4_all.deb ...
#6 21.19 Unpacking hunspell-en-us (1:2020.12.07-4) ...
#6 21.23 Selecting previously unselected package javascript-common.
#6 21.23 Preparing to unpack .../099-javascript-common_12+nmu1_all.deb ...
#6 21.24 Unpacking javascript-common (12+nmu1) ...
#6 21.26 Selecting previously unselected package libapache-pom-java.
#6 21.26 Preparing to unpack .../100-libapache-pom-java_33-2_all.deb ...
#6 21.26 Unpacking libapache-pom-java (33-2) ...
#6 21.49 Selecting previously unselected package libauthen-sasl-perl.
#6 21.50 Preparing to unpack .../101-libauthen-sasl-perl_2.1700-1_all.deb ...
#6 21.50 Unpacking libauthen-sasl-perl (2.1700-1) ...
#6 21.53 Selecting previously unselected package libbcprov-java.
#6 21.53 Preparing to unpack .../102-libbcprov-java_1.80-3_all.deb ...
#6 21.53 Unpacking libbcprov-java (1.80-3) ...
#6 21.66 Selecting previously unselected package libclone-perl:amd64.
#6 21.66 Preparing to unpack .../103-libclone-perl_0.47-1+b1_amd64.deb ...
#6 21.66 Unpacking libclone-perl:amd64 (0.47-1+b1) ...
#6 21.68 Selecting previously unselected package libcommons-parent-java.
#6 21.69 Preparing to unpack .../104-libcommons-parent-java_56-1_all.deb ...
#6 21.69 Unpacking libcommons-parent-java (56-1) ...
#6 21.71 Selecting previously unselected package libcommons-lang3-java.
#6 21.72 Preparing to unpack .../105-libcommons-lang3-java_3.17.0-1+deb13u1_all.deb ...
#6 21.72 Unpacking libcommons-lang3-java (3.17.0-1+deb13u1) ...
#6 21.75 Selecting previously unselected package libdata-dump-perl.
#6 21.76 Preparing to unpack .../106-libdata-dump-perl_1.25-1_all.deb ...
#6 21.76 Unpacking libdata-dump-perl (1.25-1) ...
#6 21.78 Selecting previously unselected package libdrm-common.
#6 21.79 Preparing to unpack .../107-libdrm-common_2.4.124-2_all.deb ...
#6 21.79 Unpacking libdrm-common (2.4.124-2) ...
#6 21.81 Selecting previously unselected package libdrm2:amd64.
#6 21.82 Preparing to unpack .../108-libdrm2_2.4.124-2_amd64.deb ...
#6 21.82 Unpacking libdrm2:amd64 (2.4.124-2) ...
#6 21.84 Selecting previously unselected package libdrm-amdgpu1:amd64.
#6 21.85 Preparing to unpack .../109-libdrm-amdgpu1_2.4.124-2_amd64.deb ...
#6 21.85 Unpacking libdrm-amdgpu1:amd64 (2.4.124-2) ...
#6 21.87 Selecting previously unselected package libpciaccess0:amd64.
#6 21.88 Preparing to unpack .../110-libpciaccess0_0.17-3+b3_amd64.deb ...
#6 21.88 Unpacking libpciaccess0:amd64 (0.17-3+b3) ...
#6 21.90 Selecting previously unselected package libdrm-intel1:amd64.
#6 21.91 Preparing to unpack .../111-libdrm-intel1_2.4.124-2_amd64.deb ...
#6 21.91 Unpacking libdrm-intel1:amd64 (2.4.124-2) ...
#6 21.93 Selecting previously unselected package libwayland-server0:amd64.
#6 21.94 Preparing to unpack .../112-libwayland-server0_1.23.1-3_amd64.deb ...
#6 21.94 Unpacking libwayland-server0:amd64 (1.23.1-3) ...
#6 21.96 Selecting previously unselected package libz3-4:amd64.
#6 21.97 Preparing to unpack .../113-libz3-4_4.13.3-1_amd64.deb ...
#6 21.97 Unpacking libz3-4:amd64 (4.13.3-1) ...
#6 22.22 Selecting previously unselected package libllvm19:amd64.
#6 22.22 Preparing to unpack .../114-libllvm19_1%3a19.1.7-3+b1_amd64.deb ...
#6 22.23 Unpacking libllvm19:amd64 (1:19.1.7-3+b1) ...
#6 22.73 Selecting previously unselected package libsensors-config.
#6 22.74 Preparing to unpack .../115-libsensors-config_1%3a3.6.2-2_all.deb ...
#6 22.74 Unpacking libsensors-config (1:3.6.2-2) ...
#6 22.79 Selecting previously unselected package libsensors5:amd64.
#6 22.80 Preparing to unpack .../116-libsensors5_1%3a3.6.2-2_amd64.deb ...
#6 22.81 Unpacking libsensors5:amd64 (1:3.6.2-2) ...
#6 22.86 Selecting previously unselected package libx11-xcb1:amd64.
#6 22.87 Preparing to unpack .../117-libx11-xcb1_2%3a1.8.12-1_amd64.deb ...
#6 22.87 Unpacking libx11-xcb1:amd64 (2:1.8.12-1) ...
#6 22.92 Selecting previously unselected package libxcb-dri3-0:amd64.
#6 22.93 Preparing to unpack .../118-libxcb-dri3-0_1.17.0-2+b1_amd64.deb ...
#6 22.93 Unpacking libxcb-dri3-0:amd64 (1.17.0-2+b1) ...
#6 22.99 Selecting previously unselected package libxcb-present0:amd64.
#6 23.00 Preparing to unpack .../119-libxcb-present0_1.17.0-2+b1_amd64.deb ...
#6 23.00 Unpacking libxcb-present0:amd64 (1.17.0-2+b1) ...
#6 23.05 Selecting previously unselected package libxcb-randr0:amd64.
#6 23.06 Preparing to unpack .../120-libxcb-randr0_1.17.0-2+b1_amd64.deb ...
#6 23.06 Unpacking libxcb-randr0:amd64 (1.17.0-2+b1) ...
#6 23.11 Selecting previously unselected package libxcb-sync1:amd64.
#6 23.12 Preparing to unpack .../121-libxcb-sync1_1.17.0-2+b1_amd64.deb ...
#6 23.12 Unpacking libxcb-sync1:amd64 (1.17.0-2+b1) ...
#6 23.18 Selecting previously unselected package libxcb-xfixes0:amd64.
#6 23.18 Preparing to unpack .../122-libxcb-xfixes0_1.17.0-2+b1_amd64.deb ...
#6 23.19 Unpacking libxcb-xfixes0:amd64 (1.17.0-2+b1) ...
#6 23.24 Selecting previously unselected package libxshmfence1:amd64.
#6 23.24 Preparing to unpack .../123-libxshmfence1_1.3.3-1_amd64.deb ...
#6 23.25 Unpacking libxshmfence1:amd64 (1.3.3-1) ...
#6 23.29 Selecting previously unselected package mesa-libgallium:amd64.
#6 23.30 Preparing to unpack .../124-mesa-libgallium_25.0.7-2+deb13u1_amd64.deb ...
#6 23.30 Unpacking mesa-libgallium:amd64 (25.0.7-2+deb13u1) ...
#6 23.63 Selecting previously unselected package libgbm1:amd64.
#6 23.64 Preparing to unpack .../125-libgbm1_25.0.7-2+deb13u1_amd64.deb ...
#6 23.64 Unpacking libgbm1:amd64 (25.0.7-2+deb13u1) ...
#6 23.67 Selecting previously unselected package libwayland-client0:amd64.
#6 23.68 Preparing to unpack .../126-libwayland-client0_1.23.1-3_amd64.deb ...
#6 23.68 Unpacking libwayland-client0:amd64 (1.23.1-3) ...
#6 23.70 Selecting previously unselected package libegl-mesa0:amd64.
#6 23.71 Preparing to unpack .../127-libegl-mesa0_25.0.7-2+deb13u1_amd64.deb ...
#6 23.71 Unpacking libegl-mesa0:amd64 (25.0.7-2+deb13u1) ...
#6 23.73 Selecting previously unselected package libencode-locale-perl.
#6 23.74 Preparing to unpack .../128-libencode-locale-perl_1.05-3_all.deb ...
#6 23.74 Unpacking libencode-locale-perl (1.05-3) ...
#6 23.76 Selecting previously unselected package libipc-system-simple-perl.
#6 23.77 Preparing to unpack .../129-libipc-system-simple-perl_1.30-2_all.deb ...
#6 23.77 Unpacking libipc-system-simple-perl (1.30-2) ...
#6 23.79 Selecting previously unselected package libfile-basedir-perl.
#6 23.80 Preparing to unpack .../130-libfile-basedir-perl_0.09-2_all.deb ...
#6 23.80 Unpacking libfile-basedir-perl (0.09-2) ...
#6 23.82 Selecting previously unselected package liburi-perl.
#6 23.83 Preparing to unpack .../131-liburi-perl_5.30-1_all.deb ...
#6 23.83 Unpacking liburi-perl (5.30-1) ...
#6 23.86 Selecting previously unselected package libfile-desktopentry-perl.
#6 23.86 Preparing to unpack .../132-libfile-desktopentry-perl_0.22-3_all.deb ...
#6 23.86 Unpacking libfile-desktopentry-perl (0.22-3) ...
#6 23.89 Selecting previously unselected package libtimedate-perl.
#6 23.89 Preparing to unpack .../133-libtimedate-perl_2.3300-2_all.deb ...
#6 23.89 Unpacking libtimedate-perl (2.3300-2) ...
#6 23.92 Selecting previously unselected package libhttp-date-perl.
#6 23.93 Preparing to unpack .../134-libhttp-date-perl_6.06-1_all.deb ...
#6 23.93 Unpacking libhttp-date-perl (6.06-1) ...
#6 23.95 Selecting previously unselected package libfile-listing-perl.
#6 23.95 Preparing to unpack .../135-libfile-listing-perl_6.16-1_all.deb ...
#6 23.96 Unpacking libfile-listing-perl (6.16-1) ...
#6 23.98 Selecting previously unselected package libfile-mimeinfo-perl.
#6 23.98 Preparing to unpack .../136-libfile-mimeinfo-perl_0.35-1_all.deb ...
#6 23.98 Unpacking libfile-mimeinfo-perl (0.35-1) ...
#6 24.01 Selecting previously unselected package libfont-afm-perl.
#6 24.01 Preparing to unpack .../137-libfont-afm-perl_1.20-4_all.deb ...
#6 24.01 Unpacking libfont-afm-perl (1.20-4) ...
#6 24.04 Selecting previously unselected package libglvnd0:amd64.
#6 24.04 Preparing to unpack .../138-libglvnd0_1.7.0-1+b2_amd64.deb ...
#6 24.04 Unpacking libglvnd0:amd64 (1.7.0-1+b2) ...
#6 24.07 Selecting previously unselected package libxcb-glx0:amd64.
#6 24.08 Preparing to unpack .../139-libxcb-glx0_1.17.0-2+b1_amd64.deb ...
#6 24.08 Unpacking libxcb-glx0:amd64 (1.17.0-2+b1) ...
#6 24.11 Selecting previously unselected package libxxf86vm1:amd64.
#6 24.11 Preparing to unpack .../140-libxxf86vm1_1%3a1.1.4-1+b4_amd64.deb ...
#6 24.11 Unpacking libxxf86vm1:amd64 (1:1.1.4-1+b4) ...
#6 24.14 Selecting previously unselected package libvulkan1:amd64.
#6 24.14 Preparing to unpack .../141-libvulkan1_1.4.309.0-1_amd64.deb ...
#6 24.14 Unpacking libvulkan1:amd64 (1.4.309.0-1) ...
#6 24.17 Selecting previously unselected package libgl1-mesa-dri:amd64.
#6 24.18 Preparing to unpack .../142-libgl1-mesa-dri_25.0.7-2+deb13u1_amd64.deb ...
#6 24.19 Unpacking libgl1-mesa-dri:amd64 (25.0.7-2+deb13u1) ...
#6 24.21 Selecting previously unselected package libglx-mesa0:amd64.
#6 24.22 Preparing to unpack .../143-libglx-mesa0_25.0.7-2+deb13u1_amd64.deb ...
#6 24.22 Unpacking libglx-mesa0:amd64 (25.0.7-2+deb13u1) ...
#6 24.25 Selecting previously unselected package libglx0:amd64.
#6 24.25 Preparing to unpack .../144-libglx0_1.7.0-1+b2_amd64.deb ...
#6 24.25 Unpacking libglx0:amd64 (1.7.0-1+b2) ...
#6 24.28 Selecting previously unselected package libgl1:amd64.
#6 24.28 Preparing to unpack .../145-libgl1_1.7.0-1+b2_amd64.deb ...
#6 24.29 Unpacking libgl1:amd64 (1.7.0-1+b2) ...
#6 24.31 Selecting previously unselected package libgles2:amd64.
#6 24.32 Preparing to unpack .../146-libgles2_1.7.0-1+b2_amd64.deb ...
#6 24.32 Unpacking libgles2:amd64 (1.7.0-1+b2) ...
#6 24.35 Selecting previously unselected package libgssglue1:amd64.
#6 24.36 Preparing to unpack .../147-libgssglue1_0.9-1.1_amd64.deb ...
#6 24.36 Unpacking libgssglue1:amd64 (0.9-1.1) ...
#6 24.38 Selecting previously unselected package libntlm0:amd64.
#6 24.39 Preparing to unpack .../148-libntlm0_1.8-4_amd64.deb ...
#6 24.39 Unpacking libntlm0:amd64 (1.8-4) ...
#6 24.42 Selecting previously unselected package libgsasl18:amd64.
#6 24.42 Preparing to unpack .../149-libgsasl18_2.2.2-1.1+deb13u2_amd64.deb ...
#6 24.43 Unpacking libgsasl18:amd64 (2.2.2-1.1+deb13u2) ...
#6 24.45 Selecting previously unselected package libhtml-tagset-perl.
#6 24.46 Preparing to unpack .../150-libhtml-tagset-perl_3.24-1_all.deb ...
#6 24.46 Unpacking libhtml-tagset-perl (3.24-1) ...
#6 24.48 Selecting previously unselected package libhtml-parser-perl:amd64.
#6 24.48 Preparing to unpack .../151-libhtml-parser-perl_3.83-2~deb13u1_amd64.deb ...
#6 24.49 Unpacking libhtml-parser-perl:amd64 (3.83-2~deb13u1) ...
#6 24.51 Selecting previously unselected package libio-html-perl.
#6 24.52 Preparing to unpack .../152-libio-html-perl_1.004-3_all.deb ...
#6 24.52 Unpacking libio-html-perl (1.004-3) ...
#6 24.54 Selecting previously unselected package liblwp-mediatypes-perl.
#6 24.55 Preparing to unpack .../153-liblwp-mediatypes-perl_6.04-2_all.deb ...
#6 24.55 Unpacking liblwp-mediatypes-perl (6.04-2) ...
#6 24.57 Selecting previously unselected package libhttp-message-perl.
#6 24.58 Preparing to unpack .../154-libhttp-message-perl_7.00-2_all.deb ...
#6 24.58 Unpacking libhttp-message-perl (7.00-2) ...
#6 24.61 Selecting previously unselected package libhtml-form-perl.
#6 24.61 Preparing to unpack .../155-libhtml-form-perl_6.12-1_all.deb ...
#6 24.61 Unpacking libhtml-form-perl (6.12-1) ...
#6 24.64 Selecting previously unselected package libhtml-tree-perl.
#6 24.65 Preparing to unpack .../156-libhtml-tree-perl_5.07-3_all.deb ...
#6 24.65 Unpacking libhtml-tree-perl (5.07-3) ...
#6 24.68 Selecting previously unselected package libhtml-format-perl.
#6 24.68 Preparing to unpack .../157-libhtml-format-perl_2.16-2_all.deb ...
#6 24.69 Unpacking libhtml-format-perl (2.16-2) ...
#6 24.71 Selecting previously unselected package libhttp-cookies-perl.
#6 24.72 Preparing to unpack .../158-libhttp-cookies-perl_6.11-1_all.deb ...
#6 24.72 Unpacking libhttp-cookies-perl (6.11-1) ...
#6 24.74 Selecting previously unselected package libhttp-daemon-perl.
#6 24.75 Preparing to unpack .../159-libhttp-daemon-perl_6.16-1+deb13u1_all.deb ...
#6 24.75 Unpacking libhttp-daemon-perl (6.16-1+deb13u1) ...
#6 24.78 Selecting previously unselected package libhttp-negotiate-perl.
#6 24.78 Preparing to unpack .../160-libhttp-negotiate-perl_6.01-2_all.deb ...
#6 24.78 Unpacking libhttp-negotiate-perl (6.01-2) ...
#6 24.81 Selecting previously unselected package libio-compress-brotli-perl.
#6 24.81 Preparing to unpack .../161-libio-compress-brotli-perl_0.004001-2+b3_amd64.deb ...
#6 24.81 Unpacking libio-compress-brotli-perl (0.004001-2+b3) ...
#6 24.84 Selecting previously unselected package perl-openssl-defaults:amd64.
#6 24.84 Preparing to unpack .../162-perl-openssl-defaults_7+b2_amd64.deb ...
#6 24.85 Unpacking perl-openssl-defaults:amd64 (7+b2) ...
#6 24.87 Selecting previously unselected package libnet-ssleay-perl:amd64.
#6 24.88 Preparing to unpack .../163-libnet-ssleay-perl_1.94-3_amd64.deb ...
#6 24.88 Unpacking libnet-ssleay-perl:amd64 (1.94-3) ...
#6 24.92 Selecting previously unselected package libio-socket-ssl-perl.
#6 24.93 Preparing to unpack .../164-libio-socket-ssl-perl_2.089-1_all.deb ...
#6 24.93 Unpacking libio-socket-ssl-perl (2.089-1) ...
#6 24.96 Selecting previously unselected package libio-stringy-perl.
#6 24.97 Preparing to unpack .../165-libio-stringy-perl_2.113-2_all.deb ...
#6 24.97 Unpacking libio-stringy-perl (2.113-2) ...
#6 25.00 Selecting previously unselected package libjs-jquery.
#6 25.01 Preparing to unpack .../166-libjs-jquery_3.6.1+dfsg+~3.5.14-1_all.deb ...
#6 25.01 Unpacking libjs-jquery (3.6.1+dfsg+~3.5.14-1) ...
#6 25.06 Selecting previously unselected package libnet-http-perl.
#6 25.06 Preparing to unpack .../167-libnet-http-perl_6.23-1_all.deb ...
#6 25.06 Unpacking libnet-http-perl (6.23-1) ...
#6 25.09 Selecting previously unselected package libtry-tiny-perl.
#6 25.09 Preparing to unpack .../168-libtry-tiny-perl_0.32-1_all.deb ...
#6 25.09 Unpacking libtry-tiny-perl (0.32-1) ...
#6 25.12 Selecting previously unselected package libwww-robotrules-perl.
#6 25.12 Preparing to unpack .../169-libwww-robotrules-perl_6.02-1_all.deb ...
#6 25.12 Unpacking libwww-robotrules-perl (6.02-1) ...
#6 25.14 Selecting previously unselected package libwww-perl.
#6 25.15 Preparing to unpack .../170-libwww-perl_6.78-1_all.deb ...
#6 25.15 Unpacking libwww-perl (6.78-1) ...
#6 25.18 Selecting previously unselected package liblwp-protocol-https-perl.
#6 25.19 Preparing to unpack .../171-liblwp-protocol-https-perl_6.14-1_all.deb ...
#6 25.19 Unpacking liblwp-protocol-https-perl (6.14-1) ...
#6 25.21 Selecting previously unselected package libmagic-dev:amd64.
#6 25.22 Preparing to unpack .../172-libmagic-dev_1%3a5.46-5_amd64.deb ...
#6 25.22 Unpacking libmagic-dev:amd64 (1:5.46-5) ...
#6 25.25 Selecting previously unselected package libnet-smtp-ssl-perl.
#6 25.25 Preparing to unpack .../173-libnet-smtp-ssl-perl_1.04-2_all.deb ...
#6 25.25 Unpacking libnet-smtp-ssl-perl (1.04-2) ...
#6 25.27 Selecting previously unselected package libmailtools-perl.
#6 25.28 Preparing to unpack .../174-libmailtools-perl_2.22-1_all.deb ...
#6 25.28 Unpacking libmailtools-perl (2.22-1) ...
#6 25.31 Selecting previously unselected package libxml-parser-perl.
#6 25.32 Preparing to unpack .../175-libxml-parser-perl_2.47-2~deb13u1_amd64.deb ...
#6 25.32 Unpacking libxml-parser-perl (2.47-2~deb13u1) ...
#6 25.35 Selecting previously unselected package libxml-twig-perl.
#6 25.36 Preparing to unpack .../176-libxml-twig-perl_1%3a3.52-3_all.deb ...
#6 25.36 Unpacking libxml-twig-perl (1:3.52-3) ...
#6 25.38 Selecting previously unselected package libnet-dbus-perl.
#6 25.39 Preparing to unpack .../177-libnet-dbus-perl_1.2.0-2+b3_amd64.deb ...
#6 25.39 Unpacking libnet-dbus-perl (1.2.0-2+b3) ...
#6 25.43 Selecting previously unselected package libpaper-utils.
#6 25.43 Preparing to unpack .../178-libpaper-utils_2.2.5-0.3+b2_amd64.deb ...
#6 25.44 Unpacking libpaper-utils (2.2.5-0.3+b2) ...
#6 25.46 Selecting previously unselected package libtie-ixhash-perl.
#6 25.47 Preparing to unpack .../179-libtie-ixhash-perl_1.23-4_all.deb ...
#6 25.47 Unpacking libtie-ixhash-perl (1.23-4) ...
#6 25.49 Selecting previously unselected package libtokyocabinet9t64:amd64.
#6 25.50 Preparing to unpack .../180-libtokyocabinet9t64_1.4.48-15.1+b1_amd64.deb ...
#6 25.50 Unpacking libtokyocabinet9t64:amd64 (1.4.48-15.1+b1) ...
#6 25.53 Selecting previously unselected package libuv1t64:amd64.
#6 25.54 Preparing to unpack .../181-libuv1t64_1.50.0-2_amd64.deb ...
#6 25.54 Unpacking libuv1t64:amd64 (1.50.0-2) ...
#6 25.57 Selecting previously unselected package libx11-protocol-perl.
#6 25.57 Preparing to unpack .../182-libx11-protocol-perl_0.56-9_all.deb ...
#6 25.57 Unpacking libx11-protocol-perl (0.56-9) ...
#6 25.60 Selecting previously unselected package libxmu6:amd64.
#6 25.61 Preparing to unpack .../183-libxmu6_2%3a1.1.3-3+b4_amd64.deb ...
#6 25.61 Unpacking libxmu6:amd64 (2:1.1.3-3+b4) ...
#6 25.64 Selecting previously unselected package libxpm4:amd64.
#6 25.64 Preparing to unpack .../184-libxpm4_1%3a3.5.17-1+deb13u1_amd64.deb ...
#6 25.65 Unpacking libxpm4:amd64 (1:3.5.17-1+deb13u1) ...
#6 25.67 Selecting previously unselected package libxaw7:amd64.
#6 25.68 Preparing to unpack .../185-libxaw7_2%3a1.0.16-1_amd64.deb ...
#6 25.68 Unpacking libxaw7:amd64 (2:1.0.16-1) ...
#6 25.71 Selecting previously unselected package libxcb-shape0:amd64.
#6 25.71 Preparing to unpack .../186-libxcb-shape0_1.17.0-2+b1_amd64.deb ...
#6 25.72 Unpacking libxcb-shape0:amd64 (1.17.0-2+b1) ...
#6 25.74 Selecting previously unselected package libxcomposite1:amd64.
#6 25.75 Preparing to unpack .../187-libxcomposite1_1%3a0.4.6-1_amd64.deb ...
#6 25.75 Unpacking libxcomposite1:amd64 (1:0.4.6-1) ...
#6 25.78 Selecting previously unselected package libxfixes3:amd64.
#6 25.78 Preparing to unpack .../188-libxfixes3_1%3a6.0.0-2+b4_amd64.deb ...
#6 25.78 Unpacking libxfixes3:amd64 (1:6.0.0-2+b4) ...
#6 25.81 Selecting previously unselected package libxcursor1:amd64.
#6 25.81 Preparing to unpack .../189-libxcursor1_1%3a1.2.3-1_amd64.deb ...
#6 25.82 Unpacking libxcursor1:amd64 (1:1.2.3-1) ...
#6 25.84 Selecting previously unselected package libxi6:amd64.
#6 25.85 Preparing to unpack .../190-libxi6_2%3a1.8.2-1_amd64.deb ...
#6 25.85 Unpacking libxi6:amd64 (2:1.8.2-1) ...
#6 25.88 Selecting previously unselected package libxinerama1:amd64.
#6 25.88 Preparing to unpack .../191-libxinerama1_2%3a1.1.4-3+b4_amd64.deb ...
#6 25.89 Unpacking libxinerama1:amd64 (2:1.1.4-3+b4) ...
#6 25.91 Selecting previously unselected package libxkbfile1:amd64.
#6 25.92 Preparing to unpack .../192-libxkbfile1_1%3a1.1.0-1+b4_amd64.deb ...
#6 25.92 Unpacking libxkbfile1:amd64 (1:1.1.0-1+b4) ...
#6 25.95 Selecting previously unselected package libxml-xpathengine-perl.
#6 25.95 Preparing to unpack .../193-libxml-xpathengine-perl_0.14-2_all.deb ...
#6 25.96 Unpacking libxml-xpathengine-perl (0.14-2) ...
#6 25.98 Selecting previously unselected package libxmuu1:amd64.
#6 25.99 Preparing to unpack .../194-libxmuu1_2%3a1.1.3-3+b4_amd64.deb ...
#6 25.99 Unpacking libxmuu1:amd64 (2:1.1.3-3+b4) ...
#6 26.02 Selecting previously unselected package libxrandr2:amd64.
#6 26.03 Preparing to unpack .../195-libxrandr2_2%3a1.5.4-1+b3_amd64.deb ...
#6 26.03 Unpacking libxrandr2:amd64 (2:1.5.4-1+b3) ...
#6 26.06 Selecting previously unselected package libxtst6:amd64.
#6 26.06 Preparing to unpack .../196-libxtst6_2%3a1.2.5-1_amd64.deb ...
#6 26.06 Unpacking libxtst6:amd64 (2:1.2.5-1) ...
#6 26.09 Selecting previously unselected package libxv1:amd64.
#6 26.09 Preparing to unpack .../197-libxv1_2%3a1.0.11-1.1+b3_amd64.deb ...
#6 26.09 Unpacking libxv1:amd64 (2:1.0.11-1.1+b3) ...
#6 26.12 Selecting previously unselected package libxxf86dga1:amd64.
#6 26.12 Preparing to unpack .../198-libxxf86dga1_2%3a1.1.5-1+b3_amd64.deb ...
#6 26.13 Unpacking libxxf86dga1:amd64 (2:1.1.5-1+b3) ...
#6 26.15 Selecting previously unselected package luit.
#6 26.16 Preparing to unpack .../199-luit_2.0.20240910-1_amd64.deb ...
#6 26.17 Adding 'diversion of /usr/bin/luit to /usr/bin/luit.x11-utils by luit'
#6 26.18 Adding 'diversion of /usr/share/man/man1/luit.1.gz to /usr/share/man/man1/luit.x11-utils.1.gz by luit'
#6 26.18 Unpacking luit (2.0.20240910-1) ...
#6 26.21 Selecting previously unselected package mailcap.
#6 26.21 Preparing to unpack .../200-mailcap_3.74_all.deb ...
#6 26.22 Unpacking mailcap (3.74) ...
#6 26.25 Selecting previously unselected package mesa-vulkan-drivers:amd64.
#6 26.25 Preparing to unpack .../201-mesa-vulkan-drivers_25.0.7-2+deb13u1_amd64.deb ...
#6 26.25 Unpacking mesa-vulkan-drivers:amd64 (25.0.7-2+deb13u1) ...
#6 26.61 Selecting previously unselected package mutt.
#6 26.61 Preparing to unpack .../202-mutt_2.2.13-1+deb13u1_amd64.deb ...
#6 26.62 Unpacking mutt (2.2.13-1+deb13u1) ...
#6 26.69 Selecting previously unselected package pdftk-java.
#6 26.70 Preparing to unpack .../203-pdftk-java_3.3.3-2_all.deb ...
#6 26.70 Unpacking pdftk-java (3.3.3-2) ...
#6 26.74 Selecting previously unselected package poppler-utils.
#6 26.74 Preparing to unpack .../204-poppler-utils_25.03.0-5+deb13u4_amd64.deb ...
#6 26.75 Unpacking poppler-utils (25.03.0-5+deb13u4) ...
#6 26.78 Selecting previously unselected package postgresql-client-common.
#6 26.78 Preparing to unpack .../205-postgresql-client-common_278_all.deb ...
#6 26.79 Unpacking postgresql-client-common (278) ...
#6 26.82 Selecting previously unselected package postgresql-client-17.
#6 26.82 Preparing to unpack .../206-postgresql-client-17_17.11-0+deb13u1_amd64.deb ...
#6 26.83 Unpacking postgresql-client-17 (17.11-0+deb13u1) ...
#6 27.01 Selecting previously unselected package postgresql-client.
#6 27.02 Preparing to unpack .../207-postgresql-client_17+278_all.deb ...
#6 27.02 Unpacking postgresql-client (17+278) ...
#6 27.04 Selecting previously unselected package procmail.
#6 27.05 Preparing to unpack .../208-procmail_3.24+really3.22-4_amd64.deb ...
#6 27.05 Unpacking procmail (3.24+really3.22-4) ...
#6 27.08 Selecting previously unselected package python3-uvloop.
#6 27.09 Preparing to unpack .../209-python3-uvloop_0.21.0+ds1-3_amd64.deb ...
#6 27.09 Unpacking python3-uvloop (0.21.0+ds1-3) ...
#6 27.13 Selecting previously unselected package sensible-mda.
#6 27.13 Preparing to unpack .../210-sensible-mda_8.18.1-6+b1_amd64.deb ...
#6 27.13 Unpacking sensible-mda (8.18.1-6+b1) ...
#6 27.16 Selecting previously unselected package sendmail.
#6 27.16 Preparing to unpack .../211-sendmail_8.18.1-6_all.deb ...
#6 27.17 Unpacking sendmail (8.18.1-6) ...
#6 27.19 Selecting previously unselected package tnef.
#6 27.19 Preparing to unpack .../212-tnef_1.4.18-4_amd64.deb ...
#6 27.20 Unpacking tnef (1.4.18-4) ...
#6 27.22 Selecting previously unselected package unrtf.
#6 27.22 Preparing to unpack .../213-unrtf_0.21.10-clean-1_amd64.deb ...
#6 27.23 Unpacking unrtf (0.21.10-clean-1) ...
#6 27.25 Selecting previously unselected package x11-utils.
#6 27.25 Preparing to unpack .../214-x11-utils_7.7+7_amd64.deb ...
#6 27.26 Unpacking x11-utils (7.7+7) ...
#6 27.29 Selecting previously unselected package x11-xserver-utils.
#6 27.29 Preparing to unpack .../215-x11-xserver-utils_7.7+11_amd64.deb ...
#6 27.29 Unpacking x11-xserver-utils (7.7+11) ...
#6 27.32 Selecting previously unselected package xdg-utils.
#6 27.33 Preparing to unpack .../216-xdg-utils_1.2.1-2_all.deb ...
#6 27.33 Unpacking xdg-utils (1.2.1-2) ...
#6 27.36 Selecting previously unselected package libegl1:amd64.
#6 27.36 Preparing to unpack .../217-libegl1_1.7.0-1+b2_amd64.deb ...
#6 27.36 Unpacking libegl1:amd64 (1.7.0-1+b2) ...
#6 27.39 Selecting previously unselected package zutty.
#6 27.39 Preparing to unpack .../218-zutty_0.16.2.20241020+dfsg1-1_amd64.deb ...
#6 27.40 Unpacking zutty (0.16.2.20241020+dfsg1-1) ...
#6 27.45 Setting up libpython3.13:amd64 (3.13.5-2+deb13u4) ...
#6 27.46 Setting up libbcprov-java (1.80-3) ...
#6 27.47 Setting up postgresql-client-common (278) ...
#6 27.48 Setting up libtext-iconv-perl:amd64 (1.7-8+b4) ...
#6 27.48 Setting up javascript-common (12+nmu1) ...
#6 27.50 Setting up libxcb-dri3-0:amd64 (1.17.0-2+b1) ...
#6 27.50 Setting up libzxcvbn0:amd64 (2.5+dfsg-2+b2) ...
#6 27.51 Setting up libev4t64:amd64 (1:4.33-2.1+b1) ...
#6 27.51 Setting up python3-attr (25.3.0-1) ...
#6 27.61 Setting up libwayland-server0:amd64 (1.23.1-3) ...
#6 27.62 Setting up libx11-xcb1:amd64 (2:1.8.12-1) ...
#6 27.62 Setting up liborcus-parser-0.18-0:amd64 (0.19.2-6+b1) ...
#6 27.63 Setting up libpciaccess0:amd64 (0.17-3+b3) ...
#6 27.63 Setting up luit (2.0.20240910-1) ...
#6 27.64 Setting up unrtf (0.21.10-clean-1) ...
#6 27.64 Setting up sendmail-cf (8.18.1-6) ...
#6 27.65 Setting up libapparmor1:amd64 (4.1.0-1) ...
#6 27.65 Setting up libc-l10n (2.41-12+deb13u3) ...
#6 27.66 Setting up libxmu6:amd64 (2:1.1.3-3+b4) ...
#6 27.66 Setting up libtre5:amd64 (0.9.0-1) ...
#6 27.67 Setting up libtie-ixhash-perl (1.23-4) ...
#6 27.67 Setting up elinks-data (0.18.0-1) ...
#6 27.67 Setting up libgpm2:amd64 (1.20.7-11+b2) ...
#6 27.68 Setting up libxcb-xfixes0:amd64 (1.17.0-2+b1) ...
#6 27.68 Setting up liblockfile-bin (1.17-2) ...
#6 27.69 Setting up fonts-noto-mono (20201225-2) ...
#6 27.70 Setting up libxpm4:amd64 (1:3.5.17-1+deb13u1) ...
#6 27.70 Setting up libxi6:amd64 (2:1.8.2-1) ...
#6 27.71 Setting up gpg-wks-client (2.4.7-21+deb13u1+b4) ...
#6 27.71 Setting up java-common (0.76) ...
#6 27.72 Setting up libfont-afm-perl (1.20-4) ...
#6 27.73 Setting up libhyphen0:amd64 (2.8.8-7+b2) ...
#6 27.73 Setting up libclucene-core1t64:amd64 (2.3.3.4+dfsg-1.2+b1) ...
#6 27.74 Setting up postgresql-client-17 (17.11-0+deb13u1) ...
#6 28.06 update-alternatives: using /usr/share/postgresql/17/man/man1/psql.1.gz to provide /usr/share/man/man1/psql.1.gz (psql.1.gz) in auto mode
#6 28.11 Setting up libclone-perl:amd64 (0.47-1+b1) ...
#6 28.11 Setting up libglvnd0:amd64 (1.7.0-1+b2) ...
#6 28.12 Setting up libio-stringy-perl (2.113-2) ...
#6 28.12 Setting up libtirpc-common (1.3.6+ds-1) ...
#6 28.13 Setting up libxtst6:amd64 (2:1.2.5-1) ...
#6 28.14 Setting up libhtml-tagset-perl (3.24-1) ...
#6 28.14 Setting up libargon2-1:amd64 (0~20190702+dfsg-4+b2) ...
#6 28.15 Setting up libijs-0.35:amd64 (0.35-15.2) ...
#6 28.15 Setting up libauthen-sasl-perl (2.1700-1) ...
#6 28.16 Setting up libxcb-glx0:amd64 (1.17.0-2+b1) ...
#6 28.17 Setting up libgs-common (10.05.1~dfsg-1+deb13u1) ...
#6 28.17 Setting up liblwp-mediatypes-perl (6.04-2) ...
#6 28.18 Setting up libuv1t64:amd64 (1.50.0-2) ...
#6 28.18 Setting up libxcb-shape0:amd64 (1.17.0-2+b1) ...
#6 28.19 Setting up libyajl2:amd64 (2.1.0-5+b2) ...
#6 28.20 Setting up libtry-tiny-perl (0.32-1) ...
#6 28.20 Setting up libsensors-config (1:3.6.2-2) ...
#6 28.21 Setting up libxxf86dga1:amd64 (2:1.1.5-1+b3) ...
#6 28.22 Setting up perl-openssl-defaults:amd64 (7+b2) ...
#6 28.22 Setting up libclucene-contribs1t64:amd64 (2.3.3.4+dfsg-1.2+b1) ...
#6 28.23 Setting up libboost-thread1.83.0:amd64 (1.83.0-4.2) ...
#6 28.24 Setting up python3-yaml (6.0.2-1+b2) ...
#6 28.34 Setting up libencode-locale-perl (1.05-3) ...
#6 28.35 Setting up libeot0:amd64 (0.01-5+b2) ...
#6 28.35 Setting up libxaw7:amd64 (2:1.0.16-1) ...
#6 28.36 Setting up libtokyocabinet9t64:amd64 (1.4.48-15.1+b1) ...
#6 28.37 Setting up libmagic-dev:amd64 (1:5.46-5) ...
#6 28.37 Setting up libabsl20240722:amd64 (20240722.0-4) ...
#6 28.38 Setting up libxmlsec1t64:amd64 (1.2.41-1+b1) ...
#6 28.38 Setting up locales (2.41-12+deb13u3) ...
#6 28.82 Generating locales (this might take a while)...
#6 28.83 Generation complete.
#6 28.85 Setting up libreoffice-uiconfig-calc (4:25.2.3-2+deb13u6) ...
#6 28.86 Setting up python3-multidict (6.4.3-1) ...
#6 28.95 Setting up librevenge-0.0-0:amd64 (0.0.5-3+b2) ...
#6 28.95 Setting up libxxf86vm1:amd64 (1:1.1.4-1+b4) ...
#6 28.96 Setting up python3-frozenlist (1.6.0-1) ...
#6 29.04 Setting up poppler-data (0.4.12-1) ...
#6 29.06 Setting up python3-aiosignal (1.3.2-1) ...
#6 29.13 Setting up python3-async-timeout (5.0.1-1) ...
#6 29.21 Setting up libxcb-present0:amd64 (1.17.0-2+b1) ...
#6 29.22 Setting up libdconf1:amd64 (0.40.0-5) ...
#6 29.23 Setting up libasound2-data (1.2.14-1) ...
#6 29.23 Setting up apparmor (4.1.0-1) ...
#6 29.97 Setting up libreoffice-uiconfig-impress (4:25.2.3-2+deb13u6) ...
#6 29.97 Setting up libfontenc1:amd64 (1:1.1.8-1+b2) ...
#6 30.02 Setting up libz3-4:amd64 (4.13.3-1) ...
#6 30.02 Setting up libblas3:amd64 (3.12.1-6) ...
#6 30.03 update-alternatives: using /usr/lib/x86_64-linux-gnu/blas/libblas.so.3 to provide /usr/lib/x86_64-linux-gnu/libblas.so.3 (libblas.so.3-x86_64-linux-gnu) in auto mode
#6 30.03 Setting up libcmis-0.6-6t64 (0.6.2-2.1+b1) ...
#6 30.04 Setting up libgles2:amd64 (1.7.0-1+b2) ...
#6 30.05 Setting up libasound2t64:amd64 (1.2.14-1) ...
#6 30.05 Setting up emacsen-common (3.0.8) ...
#6 30.08 Setting up libwrap0:amd64 (7.6.q-36) ...
#6 30.09 Setting up libdata-dump-perl (1.25-1) ...
#6 30.10 Setting up libnspr4:amd64 (2:4.36-1) ...
#6 30.10 Setting up libntlm0:amd64 (1.8-4) ...
#6 30.11 Setting up libxfixes3:amd64 (1:6.0.0-2+b4) ...
#6 30.11 Setting up libxcb-sync1:amd64 (1.17.0-2+b1) ...
#6 30.12 Setting up libjbig2dec0:amd64 (0.20-1+b3) ...
#6 30.12 Setting up libipc-system-simple-perl (1.30-2) ...
#6 30.13 Setting up libboost-iostreams1.83.0:amd64 (1.83.0-4.2) ...
#6 30.13 Setting up libxml-xpathengine-perl (0.14-2) ...
#6 30.14 Setting up libapache-pom-java (33-2) ...
#6 30.14 Setting up tnef (1.4.18-4) ...
#6 30.15 Setting up libavahi-common-data:amd64 (0.8-16) ...
#6 30.15 Setting up libdbus-1-3:amd64 (1.16.2-2) ...
#6 30.16 Setting up libio-compress-brotli-perl (0.004001-2+b3) ...
#6 30.16 Setting up xfonts-encodings (1:1.0.4-2.2) ...
#6 30.17 Setting up libxinerama1:amd64 (2:1.1.4-3+b4) ...
#6 30.17 Setting up libxv1:amd64 (2:1.0.11-1.1+b3) ...
#6 30.18 Setting up libcares2:amd64 (1.34.5-1+deb13u1) ...
#6 30.18 Setting up python3-idna (3.10-1+deb13u1) ...
#6 30.32 Setting up libidn12:amd64 (1.43-1) ...
#6 30.32 Setting up libio-html-perl (1.004-3) ...
#6 30.33 Setting up libxrandr2:amd64 (2:1.5.4-1+b3) ...
#6 30.34 Setting up libgssglue1:amd64 (0.9-1.1) ...
#6 30.34 Setting up libfreehand-0.1-1 (0.1.2-3) ...
#6 30.35 Setting up python3-typing-extensions (4.13.2-1) ...
#6 30.45 Setting up libpcsclite1:amd64 (2.3.3-1) ...
#6 30.46 Setting up libsensors5:amd64 (1:3.6.2-2) ...
#6 30.46 Setting up python3-redis (6.1.0-2) ...
#6 30.68 Setting up python3-aiohappyeyeballs (2.6.1-1) ...
#6 30.76 Setting up liborcus-0.18-0:amd64 (0.19.2-6+b1) ...
#6 30.77 Setting up python3-uvloop (0.21.0+ds1-3) ...
#6 30.86 Setting up libbox2d2:amd64 (2.4.1-3+b3) ...
#6 30.87 Setting up libgfortran5:amd64 (14.2.0-19) ...
#6 30.87 Setting up libvulkan1:amd64 (1.4.309.0-1) ...
#6 30.88 Setting up libmhash2:amd64 (0.9.9.9-10) ...
#6 30.88 Setting up libtimedate-perl (2.3300-2) ...
#6 30.89 Setting up libgsasl18:amd64 (2.2.2-1.1+deb13u2) ...
#6 30.89 Setting up libmythes-1.2-0:amd64 (2:1.2.5-1+b2) ...
#6 30.90 Setting up procmail (3.24+really3.22-4) ...
#6 30.90 Setting up alsa-topology-conf (1.2.5.1-3) ...
#6 30.91 Setting up libxshmfence1:amd64 (1.3.3-1) ...
#6 30.92 Setting up python3-propcache (0.3.1-1) ...
#6 31.00 Setting up libxcb-randr0:amd64 (1.17.0-2+b1) ...
#6 31.01 Setting up dbus-session-bus-common (1.16.2-2) ...
#6 31.01 Setting up libexttextcat-data (3.4.7-1) ...
#6 31.02 Setting up liblua5.3-0:amd64 (5.3.6-2+b4) ...
#6 31.02 Setting up libabw-0.1-1:amd64 (0.1.3-1+b2) ...
#6 31.03 Setting up fonts-liberation (1:2.1.5-3) ...
#6 31.03 Setting up libepubgen-0.1-1:amd64 (0.1.1-1+b2) ...
#6 31.04 Setting up libsuitesparseconfig7:amd64 (1:7.10.1+dfsg-1) ...
#6 31.04 Setting up liblockfile1:amd64 (1.17-2) ...
#6 31.05 Setting up libgpgme11t64:amd64 (1.24.2-3) ...
#6 31.06 Setting up fonts-droid-fallback (1:8.1.0r7-1~1.gbp36536b) ...
#6 31.06 Setting up gsasl-common (2.2.2-1.1+deb13u2) ...
#6 31.07 Setting up libxkbfile1:amd64 (1:1.1.0-1+b4) ...
#6 31.07 Setting up libpaper2:amd64 (2.2.5-0.3+b2) ...
#6 31.14 Setting up libjs-jquery (3.6.1+dfsg+~3.5.14-1) ...
#6 31.15 Setting up ca-certificates-java (20240118) ...
#6 31.16 No JRE found. Skipping Java certificates setup.
#6 31.17 Setting up libhunspell-1.7-0:amd64 (1.7.2+really1.7.2-10+b4) ...
#6 31.17 Setting up python3-asyncpg (0.30.0-1.1) ...
#6 31.29 Setting up fonts-liberation-sans-narrow (1:1.07.6-4) ...
#6 31.30 Setting up dbus-system-bus-common (1.16.2-2) ...
#6 31.39 Setting up libwpd-0.10-10:amd64 (0.10.3-2+b2) ...
#6 31.39 Setting up libreoffice-uiconfig-draw (4:25.2.3-2+deb13u6) ...
#6 31.40 Setting up libdrm-common (2.4.124-2) ...
#6 31.40 Setting up mailcap (3.74) ...
#6 31.43 Setting up python3-yarl (1.19.0-1) ...
#6 31.53 Setting up libnumbertext-1.0-0:amd64 (1.0.11-4+b2) ...
#6 31.59 Setting up libxcomposite1:amd64 (1:0.4.6-1) ...
#6 31.61 Setting up xdg-utils (1.2.1-2) ...
#6 31.62 update-alternatives: using /usr/bin/xdg-open to provide /usr/bin/open (open) in auto mode
#6 31.62 Setting up liburi-perl (5.30-1) ...
#6 31.63 Setting up libxmuu1:amd64 (2:1.1.3-3+b4) ...
#6 31.63 Setting up dbus-bin (1.16.2-2) ...
#6 31.64 Setting up libx11-protocol-perl (0.56-9) ...
#6 31.64 Setting up fonts-opensymbol (4:102.12+LibO25.2.3-2+deb13u6) ...
#6 31.67 Setting up python3-cffi-backend:amd64 (1.17.1-3) ...
#6 31.67 Setting up libodfgen-0.1-1:amd64 (0.1.8-2+b2) ...
#6 31.68 Setting up libvisio-0.1-1:amd64 (0.1.7-1+b5) ...
#6 31.68 Setting up libfsplib0t64 (0.14-5.1) ...
#6 31.69 Setting up libreoffice-uiconfig-math (4:25.2.3-2+deb13u6) ...
#6 31.69 Setting up libwayland-client0:amd64 (1.23.1-3) ...
#6 31.69 Setting up libnet-ssleay-perl:amd64 (1.94-3) ...
#6 31.70 Setting up libllvm19:amd64 (1:19.1.7-3+b1) ...
#6 31.70 Setting up libgpgmepp6t64:amd64 (1.24.2-3) ...
#6 31.71 Setting up libhttp-date-perl (6.06-1) ...
#6 31.71 Setting up liblapack3:amd64 (3.12.1-6) ...
#6 31.72 update-alternatives: using /usr/lib/x86_64-linux-gnu/lapack/liblapack.so.3 to provide /usr/lib/x86_64-linux-gnu/liblapack.so.3 (liblapack.so.3-x86_64-linux-gnu) in auto mode
#6 31.72 Setting up libstaroffice-0.0-0:amd64 (0.0.7-1+b2) ...
#6 31.73 Setting up libfile-basedir-perl (0.09-2) ...
#6 31.73 Setting up libwps-0.4-4:amd64 (0.4.14-2+b2) ...
#6 31.74 Setting up libfile-listing-perl (6.16-1) ...
#6 31.74 Setting up postgresql-client (17+278) ...
#6 31.75 Setting up libexttextcat-2.0-0:amd64 (3.4.7-1+b1) ...
#6 31.75 Setting up libtirpc3t64:amd64 (1.3.6+ds-1) ...
#6 31.76 Setting up dictionaries-common (1.30.10) ...
#6 31.95 Setting up libmspub-0.1-1:amd64 (0.1.4-3+b5) ...
#6 31.96 Setting up alsa-ucm-conf (1.2.14-1) ...
#6 31.96 Setting up libcolamd3:amd64 (1:7.10.1+dfsg-1) ...
#6 31.97 Setting up mutt (2.2.13-1+deb13u1) ...
#6 31.99 Setting up libxcursor1:amd64 (1:1.2.3-1) ...
#6 31.99 Setting up libcommons-parent-java (56-1) ...
#6 32.00 Setting up libraptor2-0:amd64 (2.0.16-6) ...
#6 32.01 Setting up libavahi-common3:amd64 (0.8-16) ...
#6 32.01 Setting up libboost-locale1.83.0:amd64 (1.83.0-4.2) ...
#6 32.02 Setting up python3-aiohttp (3.11.16-1+deb13u1) ...
#6 32.42 Setting up libnet-http-perl (6.23-1) ...
#6 32.67 Setting up libetonyek-0.1-1:amd64 (0.1.12-1) ...
#6 32.68 Setting up libpagemaker-0.0-0:amd64 (0.0.4-1+b2) ...
#6 32.69 Setting up libnss3:amd64 (2:3.110-1+deb13u4) ...
#6 32.70 Setting up libmwaw-0.3-3:amd64 (0.3.22-1+b2) ...
#6 32.70 Setting up dbus-daemon (1.16.2-2) ...
#6 32.71 Setting up librasqal3t64:amd64 (0.9.33-2.1+b2) ...
#6 32.72 Setting up libpaper-utils (2.2.5-0.3+b2) ...
#6 32.72 Setting up libcdr-0.1-1:amd64 (0.1.7-1+b3) ...
#6 32.73 Setting up libe-book-0.1-1:amd64 (0.1.3-2+b4) ...
#6 32.74 Setting up librdf0t64:amd64 (1.0.17-4+b1) ...
#6 32.74 Setting up xfonts-utils (1:7.7+7) ...
#6 32.75 Setting up x11-xserver-utils (7.7+11) ...
#6 32.76 Setting up libzmf-0.0-0:amd64 (0.0.2-1+b9) ...
#6 32.76 Setting up libqxp-0.0-0 (0.0.2-1+b4) ...
#6 32.77 Setting up elinks (0.18.0-1+b1) ...
#6 32.79 Setting up libxmlsec1t64-nss:amd64 (1.2.41-1+b1) ...
#6 32.79 Setting up coinor-libcoinutils3v5:amd64 (2.11.11+ds-5) ...
#6 32.80 Setting up dbus (1.16.2-2) ...
#6 32.82 invoke-rc.d: could not determine current runlevel
#6 32.83 invoke-rc.d: policy-rc.d denied execution of start.
#6 32.83 Setting up python3-aiosqlite (0.21.0-1) ...
#6 32.91 Setting up lockfile-progs (0.2.0) ...
#6 32.92 Setting up coinor-libosi1v5:amd64 (0.108.10+ds-2) ...
#6 32.92 Setting up libcommons-lang3-java (3.17.0-1+deb13u1) ...
#6 32.93 Setting up libfile-desktopentry-perl (0.22-3) ...
#6 32.94 Setting up libwpg-0.3-3:amd64 (0.3.4-3+b2) ...
#6 32.94 Setting up libwww-robotrules-perl (6.02-1) ...
#6 32.95 Setting up libdrm2:amd64 (2.4.124-2) ...
#6 32.95 Setting up libhtml-parser-perl:amd64 (3.83-2~deb13u1) ...
#6 32.96 Setting up libnsl2:amd64 (1.3.0-3+b3) ...
#6 32.96 Setting up hunspell-en-us (1:2020.12.07-4) ...
#6 32.98 Setting up python3-pycares (4.4.0-2+b3) ...
#6 33.06 Setting up libavahi-client3:amd64 (0.8-16) ...
#6 33.07 Setting up libio-socket-ssl-perl (2.089-1) ...
#6 33.07 Setting up libhttp-message-perl (7.00-2) ...
#6 33.08 Setting up libdrm-amdgpu1:amd64 (2.4.124-2) ...
#6 33.09 Setting up libhtml-form-perl (6.12-1) ...
#6 33.09 Setting up mesa-vulkan-drivers:amd64 (25.0.7-2+deb13u1) ...
#6 33.10 Setting up libfile-mimeinfo-perl (0.35-1) ...
#6 33.10 Setting up libhttp-negotiate-perl (6.01-2) ...
#6 33.11 Setting up libpoppler147:amd64 (25.03.0-5+deb13u4) ...
#6 33.12 Setting up openjdk-21-jre-headless:amd64 (21.0.12.1+1-1~deb13u1) ...
#6 33.18 update-alternatives: using /usr/lib/jvm/java-21-openjdk-amd64/bin/java to provide /usr/bin/java (java) in auto mode
#6 33.18 update-alternatives: using /usr/lib/jvm/java-21-openjdk-amd64/bin/jpackage to provide /usr/bin/jpackage (jpackage) in auto mode
#6 33.19 update-alternatives: using /usr/lib/jvm/java-21-openjdk-amd64/bin/keytool to provide /usr/bin/keytool (keytool) in auto mode
#6 33.19 update-alternatives: using /usr/lib/jvm/java-21-openjdk-amd64/bin/rmiregistry to provide /usr/bin/rmiregistry (rmiregistry) in auto mode
#6 33.20 update-alternatives: using /usr/lib/jvm/java-21-openjdk-amd64/lib/jexec to provide /usr/bin/jexec (jexec) in auto mode
#6 33.23 Setting up libhttp-cookies-perl (6.11-1) ...
#6 33.23 Setting up libhtml-tree-perl (5.07-3) ...
#6 33.23 Setting up libdrm-intel1:amd64 (2.4.124-2) ...
#6 33.24 Setting up sendmail-base (8.18.1-6) ...
#6 33.50 Setting up libhtml-format-perl (2.16-2) ...
#6 33.50 Setting up fonts-urw-base35 (20200910-8) ...
#6 33.63 Setting up libnet-smtp-ssl-perl (1.04-2) ...
#6 33.64 Setting up python3-aiodns (3.2.0-2) ...
#6 33.71 Setting up libmailtools-perl (2.22-1) ...
#6 33.72 Setting up coinor-libclp1:amd64 (1.17.10+ds-1) ...
#6 33.72 Setting up libreoffice-core-nogui (4:25.2.3-2+deb13u6) ...
#6 33.73 Setting up libreoffice-math-nogui (4:25.2.3-2+deb13u6) ...
#6 33.73 Setting up libhttp-daemon-perl (6.16-1+deb13u1) ...
#6 33.74 Setting up libreoffice-base-core (4:25.2.3-2+deb13u6) ...
#6 33.74 Setting up sendmail-bin (8.18.1-6+b1) ...
#6 33.77 update-alternatives: using /usr/libexec/sendmail/sendmail to provide /usr/sbin/sendmail-mta (sendmail-mta) in auto mode
#6 33.78 update-alternatives: using /usr/libexec/sendmail/sendmail to provide /usr/sbin/sendmail-msp (sendmail-msp) in auto mode
#6 33.79 
#6 33.79 You are doing a new install, or have erased /etc/mail/sendmail.mc.
#6 33.79 If you've accidentaly erased /etc/mail/sendmail.mc, check /var/backups.
#6 33.79 
#6 33.79 I am creating a safe, default sendmail.mc for you and you can
#6 33.79 run sendmailconfig later if you need to change the defaults.
#6 33.79 
#6 33.81 Stopping Mail Transport Agent (MTA): sendmail.
#6 33.82 Updating sendmail environment ...
#6 33.84 Validating configuration.
#6 33.84 Writing configuration to /etc/mail/sendmail.conf.
#6 33.84 Writing /etc/cron.d/sendmail.
#6 33.84 Could not open /etc/cron.d/sendmail(No such file or directory), using STDOUT
#6 33.84 ####################################################################
#6 33.84 ##### This file is automagically generated -- edit at your own risk
#6 33.84 #####
#6 33.84 ##### file: /etc/cron.d/sendmail
#6 33.84 ##### generated via: (/usr/bin/perl v5>40.1)
#6 33.84 #####		/usr/share/sendmail/update_conf
#6 33.84 #####		version: 8.18.1 2024-08-04 18:25:02 debian
#6 33.84 ##### by: root@buildkitsandbox
#6 33.84 ##### on: Mon Sep  7 05:08:57 2026
#6 33.84 ##### in: /
#6 33.84 ##### input files:
#6 33.84 #####	/etc/mail/sendmail.conf
#6 33.84 #####
#6 33.84 ####################################################################
#6 33.84 #------------------------------------------------------------------------------
#6 33.84 #
#6 33.84 # /etc/cron.d/sendmail
#6 33.84 #
#6 33.84 # Copyright (c) 2001-2010 Richard Nelson.  All Rights Reserved.
#6 33.84 # Version:	  8.18.1
#6 33.84 # Time-stamp: <2024-08-04 18:25:02 debian>
#6 33.84 #
#6 33.84 # Sendmail crontab - Call sendmail at various times to do the following:
#6 33.84 #	1) Age queues - move undelivered mail to a slower queue
#6 33.84 #	2) Retry any mail queued by the message submission process
#6 33.84 #	3) run the queues (deliver mail) if a standalone daemon is not desired
#6 33.84 #
#6 33.84 # Each processes is independant and guided by /etc/mail/sendmail.conf and
#6 33.84 # {sendmail,submit}.mc files.
#6 33.84 #
#6 33.84 # There isn't anything here that should need touching.
#6 33.84 #
#6 33.84 # Any requisite queue/misc parameters must be set in /etc/mail/sendmail.conf
#6 33.84 # and reflected herein via /usr/sbin/sendmailconfig (or more directly via
#6 33.84 # /usr/share/sendmail/update_conf).
#6 33.84 #
#6 33.84 #------------------------------------------------------------------------------
#6 33.84 #
#6 33.84 # use default path, shell, home
#6 33.84 #SHELL=/bin/sh
#6 33.84 #PATH=
#6 33.84 #HOME=
#6 33.84 # send mail to this user, as `mail/smmsp` isn't real.
#6 33.84 MAILTO=root
#6 33.84 #
#6 33.84 # format of entries:
#6 33.84 # m h dom mon dow	user	command
#6 33.84 #
#6 33.84 #------------------------------------------------------------------------------
#6 33.84 # Every so often, give sendmail a chance to run the MSP queues.
#6 33.84 #
#6 33.84 */20 *    *    *    *		smmsp	test -x /etc/init.d/sendmail && test -x /usr/share/sendmail/sendmail && test -x /usr/libexec/sendmail/sendmail && /usr/share/sendmail/sendmail cron-msp
#6 33.84 #
#6 33.84 #------------------------------------------------------------------------------
#6 33.84 # Every so often, give sendmail a chance to run the MTA queues.
#6 33.84 # Will also run MSP queues if enabled
#6 33.84 #
#6 33.84 #*/10 *    *    *    *		root	test -x /etc/init.d/sendmail && test -x /usr/share/sendmail/sendmail && test -x /usr/libexec/sendmail/sendmail && /usr/share/sendmail/sendmail cron-mta
#6 33.84 #
#6 33.84 #------------------------------------------------------------------------------
#6 33.84 # Every so often, give sendmail a chance to age the queues.
#6 33.84 #
#6 33.84 # No queue aging
#6 33.84 #
#6 33.84 Could not open /etc/mail/databases(No such file or directory), creating it.
#6 33.84 Could not open /etc/mail/sendmail.mc(No such file or directory)
#6 33.87 Reading configuration from /etc/mail/sendmail.conf.
#6 33.87 Validating configuration.
#6 33.87 Writing configuration to /etc/mail/sendmail.conf.
#6 33.87 Writing /etc/cron.d/sendmail.
#6 33.87 Could not open /etc/cron.d/sendmail(No such file or directory), using STDOUT
#6 33.87 ####################################################################
#6 33.87 ##### This file is automagically generated -- edit at your own risk
#6 33.87 #####
#6 33.87 ##### file: /etc/cron.d/sendmail
#6 33.87 ##### generated via: (/usr/bin/perl v5>40.1)
#6 33.87 #####		/usr/share/sendmail/update_conf
#6 33.87 #####		version: 8.18.1 2024-08-04 18:25:02 debian
#6 33.87 ##### by: root@buildkitsandbox
#6 33.87 ##### on: Mon Sep  7 05:08:57 2026
#6 33.87 ##### in: /
#6 33.87 ##### input files:
#6 33.87 #####	/etc/mail/sendmail.conf
#6 33.87 #####
#6 33.87 ####################################################################
#6 33.87 #------------------------------------------------------------------------------
#6 33.87 #
#6 33.87 # /etc/cron.d/sendmail
#6 33.87 #
#6 33.87 # Copyright (c) 2001-2010 Richard Nelson.  All Rights Reserved.
#6 33.87 # Version:	  8.18.1
#6 33.87 # Time-stamp: <2024-08-04 18:25:02 debian>
#6 33.87 #
#6 33.87 # Sendmail crontab - Call sendmail at various times to do the following:
#6 33.87 #	1) Age queues - move undelivered mail to a slower queue
#6 33.87 #	2) Retry any mail queued by the message submission process
#6 33.87 #	3) run the queues (deliver mail) if a standalone daemon is not desired
#6 33.87 #
#6 33.87 # Each processes is independant and guided by /etc/mail/sendmail.conf and
#6 33.87 # {sendmail,submit}.mc files.
#6 33.87 #
#6 33.87 # There isn't anything here that should need touching.
#6 33.87 #
#6 33.87 # Any requisite queue/misc parameters must be set in /etc/mail/sendmail.conf
#6 33.87 # and reflected herein via /usr/sbin/sendmailconfig (or more directly via
#6 33.87 # /usr/share/sendmail/update_conf).
#6 33.87 #
#6 33.87 #------------------------------------------------------------------------------
#6 33.87 #
#6 33.87 # use default path, shell, home
#6 33.87 #SHELL=/bin/sh
#6 33.87 #PATH=
#6 33.87 #HOME=
#6 33.87 # send mail to this user, as `mail/smmsp` isn't real.
#6 33.87 MAILTO=root
#6 33.87 #
#6 33.87 # format of entries:
#6 33.87 # m h dom mon dow	user	command
#6 33.87 #
#6 33.87 #------------------------------------------------------------------------------
#6 33.87 # Every so often, give sendmail a chance to run the MSP queues.
#6 33.87 #
#6 33.87 */20 *    *    *    *		smmsp	test -x /etc/init.d/sendmail && test -x /usr/share/sendmail/sendmail && test -x /usr/libexec/sendmail/sendmail && /usr/share/sendmail/sendmail cron-msp
#6 33.87 #
#6 33.87 #------------------------------------------------------------------------------
#6 33.87 # Every so often, give sendmail a chance to run the MTA queues.
#6 33.87 # Will also run MSP queues if enabled
#6 33.87 #
#6 33.87 #*/10 *    *    *    *		root	test -x /etc/init.d/sendmail && test -x /usr/share/sendmail/sendmail && test -x /usr/libexec/sendmail/sendmail && /usr/share/sendmail/sendmail cron-mta
#6 33.87 #
#6 33.87 #------------------------------------------------------------------------------
#6 33.87 # Every so often, give sendmail a chance to age the queues.
#6 33.87 #
#6 33.87 # No queue aging
#6 33.87 #
#6 33.91 Turning off Host Status collection
#6 33.94 Could not open /etc/mail/databases(No such file or directory), creating it.
#6 33.94 Reading configuration from /etc/mail/sendmail.conf.
#6 33.94 Validating configuration.
#6 33.94 Creating /etc/mail/databases...
#6 33.94 
#6 33.94 Checking filesystem, this may take some time - it will not hang!
#6 33.94   ...   Done.
#6 33.99  
#6 33.99 Checking for installed MDAs...
#6 33.99 Adding link for newly extant program (mail.local)
#6 34.00 Adding link for newly extant program (procmail)
#6 34.01 sasl2-bin not installed, not configuring sendmail support.
#6 34.01 
#6 34.01 To enable sendmail SASL2 support at a later date, invoke "/usr/share/sendmail/update_auth"
#6 34.01 
#6 34.02  
#6 34.02 Creating/Updating SSL(for TLS) information
#6 34.05 Creating /etc/mail/tls/starttls.m4...
#6 34.05 Creating SSL certificates for sendmail.
#6 34.47 
#6 34.47 *** *** *** WARNING *** WARNING *** WARNING *** WARNING *** *** ***
#6 34.47 
#6 34.47 Everything you need to support STARTTLS (encrypted mail transmission
#6 34.47 and user authentication via certificates) is installed and configured
#6 34.47 but is *NOT* being used.
#6 34.47 
#6 34.47 To enable sendmail to use STARTTLS, you need to:
#6 34.47 1) Add this line to /etc/mail/sendmail.mc and optionally
#6 34.47    to /etc/mail/submit.mc:
#6 34.47   include(`/etc/mail/tls/starttls.m4')dnl
#6 34.47 2) Run sendmailconfig
#6 34.47 3) Restart sendmail
#6 34.47 
#6 34.47 
#6 34.47 Updating /etc/hosts.allow, adding "sendmail: all".
#6 34.47 
#6 34.47 Please edit /etc/hosts.allow and check the rules location to
#6 34.47 make sure your security measures have not been overridden -
#6 34.47 it is common to move the sendmail:all line to the *end* of
#6 34.47 the file, so your more selective rules take precedence.
#6 34.48 Checking {sendmail,submit}.mc and related databases...
#6 34.50 Reading configuration from /etc/mail/sendmail.conf.
#6 34.50 Validating configuration.
#6 34.50 Creating /etc/mail/databases...
#6 34.54 Reading configuration from /etc/mail/sendmail.conf.
#6 34.54 Validating configuration.
#6 34.54 Creating /etc/mail/databases...
#6 34.57 Reading configuration from /etc/mail/sendmail.conf.
#6 34.57 Validating configuration.
#6 34.57 Creating /etc/mail/Makefile...
#6 34.61 Reading configuration from /etc/mail/sendmail.conf.
#6 34.61 Validating configuration.
#6 34.61 Writing configuration to /etc/mail/sendmail.conf.
#6 34.61 Writing /etc/cron.d/sendmail.
#6 34.61 Could not open /etc/cron.d/sendmail(No such file or directory), using STDOUT
#6 34.61 ####################################################################
#6 34.61 ##### This file is automagically generated -- edit at your own risk
#6 34.61 #####
#6 34.61 ##### file: /etc/cron.d/sendmail
#6 34.61 ##### generated via: (/usr/bin/perl v5>40.1)
#6 34.61 #####		/usr/share/sendmail/update_conf
#6 34.61 #####		version: 8.18.1 2024-08-04 18:25:02 debian
#6 34.61 ##### by: root@buildkitsandbox
#6 34.61 ##### on: Mon Sep  7 05:08:58 2026
#6 34.61 ##### in: /
#6 34.61 ##### input files:
#6 34.61 #####	/etc/mail/sendmail.conf
#6 34.61 #####
#6 34.61 ####################################################################
#6 34.61 #------------------------------------------------------------------------------
#6 34.61 #
#6 34.61 # /etc/cron.d/sendmail
#6 34.61 #
#6 34.61 # Copyright (c) 2001-2010 Richard Nelson.  All Rights Reserved.
#6 34.61 # Version:	  8.18.1
#6 34.61 # Time-stamp: <2024-08-04 18:25:02 debian>
#6 34.61 #
#6 34.61 # Sendmail crontab - Call sendmail at various times to do the following:
#6 34.61 #	1) Age queues - move undelivered mail to a slower queue
#6 34.61 #	2) Retry any mail queued by the message submission process
#6 34.61 #	3) run the queues (deliver mail) if a standalone daemon is not desired
#6 34.61 #
#6 34.61 # Each processes is independant and guided by /etc/mail/sendmail.conf and
#6 34.61 # {sendmail,submit}.mc files.
#6 34.61 #
#6 34.61 # There isn't anything here that should need touching.
#6 34.61 #
#6 34.61 # Any requisite queue/misc parameters must be set in /etc/mail/sendmail.conf
#6 34.61 # and reflected herein via /usr/sbin/sendmailconfig (or more directly via
#6 34.61 # /usr/share/sendmail/update_conf).
#6 34.61 #
#6 34.61 #------------------------------------------------------------------------------
#6 34.61 #
#6 34.61 # use default path, shell, home
#6 34.61 #SHELL=/bin/sh
#6 34.61 #PATH=
#6 34.61 #HOME=
#6 34.61 # send mail to this user, as `mail/smmsp` isn't real.
#6 34.61 MAILTO=root
#6 34.61 #
#6 34.61 # format of entries:
#6 34.61 # m h dom mon dow	user	command
#6 34.61 #
#6 34.61 #------------------------------------------------------------------------------
#6 34.61 # Every so often, give sendmail a chance to run the MSP queues.
#6 34.61 #
#6 34.61 */20 *    *    *    *		smmsp	test -x /etc/init.d/sendmail && test -x /usr/share/sendmail/sendmail && test -x /usr/libexec/sendmail/sendmail && /usr/share/sendmail/sendmail cron-msp
#6 34.61 #
#6 34.61 #------------------------------------------------------------------------------
#6 34.61 # Every so often, give sendmail a chance to run the MTA queues.
#6 34.61 # Will also run MSP queues if enabled
#6 34.61 #
#6 34.61 #*/10 *    *    *    *		root	test -x /etc/init.d/sendmail && test -x /usr/share/sendmail/sendmail && test -x /usr/libexec/sendmail/sendmail && /usr/share/sendmail/sendmail cron-mta
#6 34.61 #
#6 34.61 #------------------------------------------------------------------------------
#6 34.61 # Every so often, give sendmail a chance to age the queues.
#6 34.61 #
#6 34.61 # No queue aging
#6 34.61 #
#6 34.61 Disabling HOST statistics file(/var/lib/sendmail/host_status).
#6 34.63 Creating /etc/mail/sendmail.cf...
#6 34.66 Creating /etc/mail/submit.cf...
#6 34.69 Informational: confCR_FILE file empty: /etc/mail/relay-domains
#6 34.70 Warning: confCT_FILE source file not found: /etc/mail/trusted-users
#6 34.70  it was created
#6 34.70 Informational: confCT_FILE file empty: /etc/mail/trusted-users
#6 34.71 Warning: confCW_FILE source file not found: /etc/mail/local-host-names
#6 34.71  it was created
#6 34.73 Warning: access_db source file not found: /etc/mail/access
#6 34.73  it was created
#6 34.73 Updating /etc/mail/access...
#6 34.78 Linking /etc/aliases to /etc/mail/aliases
#6 34.79 Informational: ALIAS_FILE file empty: /etc/mail/aliases
#6 34.79 Updating /etc/mail/aliases...
#6 94.80 WARNING: local host name (localhost) is not qualified; see cf/README: WHO AM I?
#6 94.84 /etc/mail/aliases: 0 aliases, longest 0 bytes, 0 bytes total
#6 94.85  
#6 94.85 Warning: 3 database(s) sources
#6 94.85 	were not found, (but were created)
#6 94.85 	please investigate.
#6 94.85 invoke-rc.d: could not determine current runlevel
#6 94.85 invoke-rc.d: policy-rc.d denied execution of start.
#6 94.85 Setting up poppler-utils (25.03.0-5+deb13u4) ...
#6 94.87 Setting up coinor-libcgl1:amd64 (0.60.9+ds-1) ...
#6 94.87 Setting up python3-uno (4:25.2.3-2+deb13u6) ...
#6 95.07 Setting up libcups2t64:amd64 (2.4.10-3+deb13u2) ...
#6 95.07 Setting up libreoffice-writer-nogui (4:25.2.3-2+deb13u6) ...
#6 95.08 Setting up libgs10-common (10.05.1~dfsg-1+deb13u1) ...
#6 95.08 Setting up mesa-libgallium:amd64 (25.0.7-2+deb13u1) ...
#6 95.10 Setting up libgbm1:amd64 (25.0.7-2+deb13u1) ...
#6 95.10 Setting up libgl1-mesa-dri:amd64 (25.0.7-2+deb13u1) ...
#6 95.11 Setting up postfix-mta-sts-resolver (1.5.0-1) ...
#6 95.27 invoke-rc.d: could not determine current runlevel
#6 95.27 invoke-rc.d: policy-rc.d denied execution of start.
#6 95.40 Setting up sensible-mda (8.18.1-6+b1) ...
#6 95.40 Setting up libreoffice-draw-nogui (4:25.2.3-2+deb13u6) ...
#6 95.41 Setting up libegl-mesa0:amd64 (25.0.7-2+deb13u1) ...
#6 95.42 Setting up coinor-libcbc3.1:amd64 (2.10.12+ds-1) ...
#6 95.43 Setting up libegl1:amd64 (1.7.0-1+b2) ...
#6 95.43 Setting up libgs10:amd64 (10.05.1~dfsg-1+deb13u1) ...
#6 95.44 Setting up libglx-mesa0:amd64 (25.0.7-2+deb13u1) ...
#6 95.44 Setting up libglx0:amd64 (1.7.0-1+b2) ...
#6 95.45 Setting up coinor-libcoinmp0:amd64 (1.8.4+dfsg-2) ...
#6 95.45 Setting up sendmail (8.18.1-6) ...
#6 95.46 Setting up ghostscript (10.05.1~dfsg-1+deb13u1) ...
#6 95.47 Setting up libreoffice-impress-nogui (4:25.2.3-2+deb13u6) ...
#6 95.48 Setting up libgl1:amd64 (1.7.0-1+b2) ...
#6 95.48 Setting up zutty (0.16.2.20241020+dfsg1-1) ...
#6 95.49 update-alternatives: using /usr/bin/zutty to provide /usr/bin/x-terminal-emulator (x-terminal-emulator) in auto mode
#6 95.49 Setting up x11-utils (7.7+7) ...
#6 95.51 Setting up libreoffice-calc-nogui (4:25.2.3-2+deb13u6) ...
#6 95.52 Setting up libwww-perl (6.78-1) ...
#6 95.53 Setting up liblwp-protocol-https-perl (6.14-1) ...
#6 95.53 Setting up libxml-parser-perl (2.47-2~deb13u1) ...
#6 95.54 Setting up libxml-twig-perl (1:3.52-3) ...
#6 95.54 Setting up libnet-dbus-perl (1.2.0-2+b3) ...
#6 95.55 Processing triggers for libreoffice-common (4:25.2.3-2+deb13u6) ...
#6 95.56 Processing triggers for shared-mime-info (2.4-5+b2) ...
#6 97.11 Processing triggers for fontconfig (2.15.0-2.3) ...
#6 97.29 Processing triggers for hicolor-icon-theme (0.18-2) ...
#6 97.30 Processing triggers for libc-bin (2.41-12+deb13u3) ...
#6 97.37 Processing triggers for ca-certificates-java (20240118) ...
#6 97.64 Adding debian:ACCVRAIZ1.pem
#6 97.64 Adding debian:AC_RAIZ_FNMT-RCM.pem
#6 97.65 Adding debian:AC_RAIZ_FNMT-RCM_SERVIDORES_SEGUROS.pem
#6 97.65 Adding debian:ANF_Secure_Server_Root_CA.pem
#6 97.65 Adding debian:Actalis_Authentication_Root_CA.pem
#6 97.66 Adding debian:AffirmTrust_Commercial.pem
#6 97.66 Adding debian:AffirmTrust_Networking.pem
#6 97.66 Adding debian:AffirmTrust_Premium.pem
#6 97.66 Adding debian:AffirmTrust_Premium_ECC.pem
#6 97.66 Adding debian:Amazon_Root_CA_1.pem
#6 97.67 Adding debian:Amazon_Root_CA_2.pem
#6 97.67 Adding debian:Amazon_Root_CA_3.pem
#6 97.67 Adding debian:Amazon_Root_CA_4.pem
#6 97.67 Adding debian:Atos_TrustedRoot_2011.pem
#6 97.67 Adding debian:Atos_TrustedRoot_Root_CA_ECC_TLS_2021.pem
#6 97.67 Adding debian:Atos_TrustedRoot_Root_CA_RSA_TLS_2021.pem
#6 97.68 Adding debian:Autoridad_de_Certificacion_Firmaprofesional_CIF_A62634068.pem
#6 97.68 Adding debian:BJCA_Global_Root_CA1.pem
#6 97.68 Adding debian:BJCA_Global_Root_CA2.pem
#6 97.68 Adding debian:Baltimore_CyberTrust_Root.pem
#6 97.68 Adding debian:Buypass_Class_2_Root_CA.pem
#6 97.69 Adding debian:Buypass_Class_3_Root_CA.pem
#6 97.69 Adding debian:CA_Disig_Root_R2.pem
#6 97.69 Adding debian:CFCA_EV_ROOT.pem
#6 97.69 Adding debian:COMODO_Certification_Authority.pem
#6 97.69 Adding debian:COMODO_ECC_Certification_Authority.pem
#6 97.70 Adding debian:COMODO_RSA_Certification_Authority.pem
#6 97.70 Adding debian:Certainly_Root_E1.pem
#6 97.70 Adding debian:Certainly_Root_R1.pem
#6 97.70 Adding debian:Certigna.pem
#6 97.71 Adding debian:Certigna_Root_CA.pem
#6 97.71 Adding debian:Certum_EC-384_CA.pem
#6 97.71 Adding debian:Certum_Trusted_Network_CA.pem
#6 97.71 Adding debian:Certum_Trusted_Network_CA_2.pem
#6 97.71 Adding debian:Certum_Trusted_Root_CA.pem
#6 97.72 Adding debian:CommScope_Public_Trust_ECC_Root-01.pem
#6 97.72 Adding debian:CommScope_Public_Trust_ECC_Root-02.pem
#6 97.72 Adding debian:CommScope_Public_Trust_RSA_Root-01.pem
#6 97.72 Adding debian:CommScope_Public_Trust_RSA_Root-02.pem
#6 97.72 Adding debian:Comodo_AAA_Services_root.pem
#6 97.72 Adding debian:D-TRUST_BR_Root_CA_1_2020.pem
#6 97.73 Adding debian:D-TRUST_BR_Root_CA_2_2023.pem
#6 97.73 Adding debian:D-TRUST_EV_Root_CA_1_2020.pem
#6 97.73 Adding debian:D-TRUST_EV_Root_CA_2_2023.pem
#6 97.73 Adding debian:D-TRUST_Root_Class_3_CA_2_2009.pem
#6 97.73 Adding debian:D-TRUST_Root_Class_3_CA_2_EV_2009.pem
#6 97.74 Adding debian:DigiCert_Assured_ID_Root_CA.pem
#6 97.74 Adding debian:DigiCert_Assured_ID_Root_G2.pem
#6 97.74 Adding debian:DigiCert_Assured_ID_Root_G3.pem
#6 97.74 Adding debian:DigiCert_Global_Root_CA.pem
#6 97.74 Adding debian:DigiCert_Global_Root_G2.pem
#6 97.74 Adding debian:DigiCert_Global_Root_G3.pem
#6 97.75 Adding debian:DigiCert_High_Assurance_EV_Root_CA.pem
#6 97.75 Adding debian:DigiCert_TLS_ECC_P384_Root_G5.pem
#6 97.75 Adding debian:DigiCert_TLS_RSA4096_Root_G5.pem
#6 97.75 Adding debian:DigiCert_Trusted_Root_G4.pem
#6 97.75 Adding debian:Entrust.net_Premium_2048_Secure_Server_CA.pem
#6 97.75 Adding debian:Entrust_Root_Certification_Authority.pem
#6 97.76 Adding debian:Entrust_Root_Certification_Authority_-_EC1.pem
#6 97.76 Adding debian:Entrust_Root_Certification_Authority_-_G2.pem
#6 97.76 Adding debian:FIRMAPROFESIONAL_CA_ROOT-A_WEB.pem
#6 97.76 Adding debian:GDCA_TrustAUTH_R5_ROOT.pem
#6 97.76 Adding debian:GLOBALTRUST_2020.pem
#6 97.77 Adding debian:GTS_Root_R1.pem
#6 97.77 Adding debian:GTS_Root_R2.pem
#6 97.77 Adding debian:GTS_Root_R3.pem
#6 97.77 Adding debian:GTS_Root_R4.pem
#6 97.77 Adding debian:GlobalSign_ECC_Root_CA_-_R4.pem
#6 97.77 Adding debian:GlobalSign_ECC_Root_CA_-_R5.pem
#6 97.78 Adding debian:GlobalSign_Root_CA.pem
#6 97.78 Adding debian:GlobalSign_Root_CA_-_R3.pem
#6 97.78 Adding debian:GlobalSign_Root_CA_-_R6.pem
#6 97.78 Adding debian:GlobalSign_Root_E46.pem
#6 97.78 Adding debian:GlobalSign_Root_R46.pem
#6 97.79 Adding debian:Go_Daddy_Class_2_CA.pem
#6 97.79 Adding debian:Go_Daddy_Root_Certificate_Authority_-_G2.pem
#6 97.79 Adding debian:HARICA_TLS_ECC_Root_CA_2021.pem
#6 97.79 Adding debian:HARICA_TLS_RSA_Root_CA_2021.pem
#6 97.79 Adding debian:Hellenic_Academic_and_Research_Institutions_ECC_RootCA_2015.pem
#6 97.80 Adding debian:Hellenic_Academic_and_Research_Institutions_RootCA_2015.pem
#6 97.80 Adding debian:HiPKI_Root_CA_-_G1.pem
#6 97.80 Adding debian:Hongkong_Post_Root_CA_3.pem
#6 97.80 Adding debian:ISRG_Root_X1.pem
#6 97.80 Adding debian:ISRG_Root_X2.pem
#6 97.81 Adding debian:IdenTrust_Commercial_Root_CA_1.pem
#6 97.81 Adding debian:IdenTrust_Public_Sector_Root_CA_1.pem
#6 97.81 Adding debian:Izenpe.com.pem
#6 97.81 Adding debian:Microsec_e-Szigno_Root_CA_2009.pem
#6 97.81 Adding debian:Microsoft_ECC_Root_Certificate_Authority_2017.pem
#6 97.82 Adding debian:Microsoft_RSA_Root_Certificate_Authority_2017.pem
#6 97.82 Adding debian:NAVER_Global_Root_Certification_Authority.pem
#6 97.82 Adding debian:NetLock_Arany_=Class_Gold=_Főtanúsítvány.pem
#6 97.82 Adding debian:OISTE_WISeKey_Global_Root_GB_CA.pem
#6 97.82 Adding debian:OISTE_WISeKey_Global_Root_GC_CA.pem
#6 97.83 Adding debian:QuoVadis_Root_CA_1_G3.pem
#6 97.83 Adding debian:QuoVadis_Root_CA_2.pem
#6 97.83 Adding debian:QuoVadis_Root_CA_2_G3.pem
#6 97.83 Adding debian:QuoVadis_Root_CA_3.pem
#6 97.84 Adding debian:QuoVadis_Root_CA_3_G3.pem
#6 97.84 Adding debian:SSL.com_EV_Root_Certification_Authority_ECC.pem
#6 97.84 Adding debian:SSL.com_EV_Root_Certification_Authority_RSA_R2.pem
#6 97.84 Adding debian:SSL.com_Root_Certification_Authority_ECC.pem
#6 97.84 Adding debian:SSL.com_Root_Certification_Authority_RSA.pem
#6 97.84 Adding debian:SSL.com_TLS_ECC_Root_CA_2022.pem
#6 97.85 Adding debian:SSL.com_TLS_RSA_Root_CA_2022.pem
#6 97.85 Adding debian:SZAFIR_ROOT_CA2.pem
#6 97.85 Adding debian:Sectigo_Public_Server_Authentication_Root_E46.pem
#6 97.85 Adding debian:Sectigo_Public_Server_Authentication_Root_R46.pem
#6 97.85 Adding debian:SecureSign_Root_CA12.pem
#6 97.86 Adding debian:SecureSign_Root_CA14.pem
#6 97.86 Adding debian:SecureSign_Root_CA15.pem
#6 97.86 Adding debian:SecureTrust_CA.pem
#6 97.86 Adding debian:Secure_Global_CA.pem
#6 97.86 Adding debian:Security_Communication_ECC_RootCA1.pem
#6 97.86 Adding debian:Security_Communication_RootCA2.pem
#6 97.87 Adding debian:Starfield_Class_2_CA.pem
#6 97.87 Adding debian:Starfield_Root_Certificate_Authority_-_G2.pem
#6 97.87 Adding debian:Starfield_Services_Root_Certificate_Authority_-_G2.pem
#6 97.87 Adding debian:SwissSign_Gold_CA_-_G2.pem
#6 97.87 Adding debian:T-TeleSec_GlobalRoot_Class_2.pem
#6 97.88 Adding debian:T-TeleSec_GlobalRoot_Class_3.pem
#6 97.88 Adding debian:TUBITAK_Kamu_SM_SSL_Kok_Sertifikasi_-_Surum_1.pem
#6 97.88 Adding debian:TWCA_CYBER_Root_CA.pem
#6 97.88 Adding debian:TWCA_Global_Root_CA.pem
#6 97.88 Adding debian:TWCA_Root_Certification_Authority.pem
#6 97.88 Adding debian:Telekom_Security_TLS_ECC_Root_2020.pem
#6 97.89 Adding debian:Telekom_Security_TLS_RSA_Root_2023.pem
#6 97.89 Adding debian:TeliaSonera_Root_CA_v1.pem
#6 97.89 Adding debian:Telia_Root_CA_v2.pem
#6 97.90 Adding debian:TrustAsia_Global_Root_CA_G3.pem
#6 97.90 Adding debian:TrustAsia_Global_Root_CA_G4.pem
#6 97.90 Adding debian:Trustwave_Global_Certification_Authority.pem
#6 97.90 Adding debian:Trustwave_Global_ECC_P256_Certification_Authority.pem
#6 97.90 Adding debian:Trustwave_Global_ECC_P384_Certification_Authority.pem
#6 97.91 Adding debian:TunTrust_Root_CA.pem
#6 97.91 Adding debian:UCA_Extended_Validation_Root.pem
#6 97.91 Adding debian:UCA_Global_G2_Root.pem
#6 97.91 Adding debian:USERTrust_ECC_Certification_Authority.pem
#6 97.92 Adding debian:USERTrust_RSA_Certification_Authority.pem
#6 97.92 Adding debian:XRamp_Global_CA_Root.pem
#6 97.92 Adding debian:certSIGN_ROOT_CA.pem
#6 97.92 Adding debian:certSIGN_Root_CA_G2.pem
#6 97.92 Adding debian:e-Szigno_Root_CA_2017.pem
#6 97.93 Adding debian:ePKI_Root_Certification_Authority.pem
#6 97.93 Adding debian:emSign_ECC_Root_CA_-_C3.pem
#6 97.93 Adding debian:emSign_ECC_Root_CA_-_G3.pem
#6 97.93 Adding debian:emSign_Root_CA_-_C1.pem
#6 97.93 Adding debian:emSign_Root_CA_-_G1.pem
#6 97.93 Adding debian:vTrus_ECC_Root_CA.pem
#6 97.93 Adding debian:vTrus_Root_CA.pem
#6 97.96 done.
#6 97.97 Setting up pdftk-java (3.3.3-2) ...
#6 97.98 update-alternatives: using /usr/bin/pdftk.pdftk-java to provide /usr/bin/pdftk (pdftk) in auto mode
#6 97.98 Setting up default-jre-headless (2:1.21-76) ...
#6 97.99 Processing triggers for dictionaries-common (1.30.10) ...
#6 DONE 98.3s

#7 [3/6] RUN git clone https://github.com/vishnubob/wait-for-it.git /tmp/wait-for-it &&     chmod +x /tmp/wait-for-it/wait-for-it.sh &&     ln -s /tmp/wait-for-it/wait-for-it.sh /bin/wait-for-it
#7 0.191 Cloning into '/tmp/wait-for-it'...
#7 DONE 1.0s

#8 [4/6] WORKDIR /alaveteli
#8 DONE 0.0s

#9 [5/6] RUN git config --global --add safe.directory /alaveteli
#9 DONE 0.3s

#10 [6/6] RUN gem update --system
#10 9.440 Successfully installed rubygems-update-4.0.20
#10 9.440 Installing RubyGems 4.0.20
#10 10.06   Successfully built RubyGem
#10 10.06   Name: bundler
#10 10.06   Version: 4.0.20
#10 10.06   File: bundler-4.0.20.gem
#10 10.06 Bundler 4.0.20 installed
#10 10.06 RubyGems 4.0.20 installed
#10 10.06 Regenerating binstubs
#10 10.06 Regenerating plugins
#10 10.06 
#10 10.06 See https://github.com/ruby/rubygems/blob/v4.0.20/CHANGELOG.md for the changes since 3.6.9.
#10 10.06 
#10 10.06 ------------------------------------------------------------------------------
#10 10.06 
#10 10.06 RubyGems installed the following executables:
#10 10.06 	/usr/local/bin/gem
#10 10.06 	/usr/local/bin/bundle
#10 10.06 	/usr/local/bin/bundler
#10 10.06 
#10 10.15 RubyGems system software updated
#10 DONE 10.3s

#11 exporting to image
#11 exporting layers
#11 exporting layers 2.2s done
#11 writing image sha256:aad3986ee2f3fc88f7cecb6757d1e08b1cb0b19e7fce7f306618a5a93e289b16 done
#11 naming to docker.io/library/alaveteli-jp-app done
#11 DONE 2.2s

#12 resolving provenance for metadata file
#12 DONE 0.0s
[33mInstalling Ruby gems...[0m Bundler can't satisfy your Gemfile's dependencies.
Install missing gems with `bundle install`.
Bundler 4.0.20 is running, but your lockfile was generated with 2.7.2. Installing Bundler 2.7.2 and restarting using that version.
Fetching gem metadata from https://rubygems.org/.
Fetching bundler 2.7.2
Installing bundler 2.7.2
Fetching https://github.com/mysociety/acts_as_versioned.git
Fetching https://github.com/mysociety/ruby-msg.git
Fetching https://github.com/mysociety/strip_attributes.git
Fetching gem metadata from https://rubygems.org/........
Fetching rake 13.4.2
Installing rake 13.4.2
Fetching base64 0.3.0
Fetching benchmark 0.5.0
Fetching bigdecimal 4.1.2
Fetching concurrent-ruby 1.3.8
Fetching connection_pool 2.5.5
Fetching drb 2.2.3
Fetching logger 1.7.0
Fetching prism 1.9.0
Fetching securerandom 0.4.1
Fetching uri 1.1.1
Fetching builder 3.3.0
Fetching erubi 1.13.1
Fetching racc 1.8.1
Fetching crass 1.0.7
Fetching rack 2.2.23
Fetching useragent 0.16.11
Installing base64 0.3.0
Fetching nio4r 2.7.5
Installing benchmark 0.5.0
Installing bigdecimal 4.1.2 with native extensions
Fetching websocket-extensions 0.1.5
Installing connection_pool 2.5.5
Installing drb 2.2.3
Fetching zeitwerk 2.8.3
Installing logger 1.7.0
Installing concurrent-ruby 1.3.8
Fetching timeout 0.6.1
Fetching marcel 1.2.1
Installing securerandom 0.4.1
Installing uri 1.1.1
Installing erubi 1.13.1
Installing builder 3.3.0
Installing crass 1.0.7
Fetching mini_mime 1.1.5
Installing useragent 0.16.11
Installing racc 1.8.1 with native extensions
Installing websocket-extensions 0.1.5
Fetching date 3.5.1
Installing timeout 0.6.1
Installing zeitwerk 2.8.3
Installing rack 2.2.23
Installing nio4r 2.7.5 with native extensions
Fetching rotp 6.3.0
Fetching public_suffix 7.0.5
Fetching mime-types-data 3.2025.0507
Installing marcel 1.2.1
Installing mini_mime 1.1.5
Fetching prettyprint 0.2.0
Fetching erb 6.0.6
Installing rotp 6.3.0
Fetching tsort 0.2.0
Installing date 3.5.1 with native extensions
Installing prettyprint 0.2.0
Installing erb 6.0.6 with native extensions
Installing public_suffix 7.0.5
Installing tsort 0.2.0
Fetching io-console 0.8.2
Fetching webrick 1.9.2
Fetching thor 1.5.0
Installing mime-types-data 3.2025.0507
Installing io-console 0.8.2 with native extensions
Fetching ast 2.4.3
Installing thor 1.5.0
Fetching aws-eventstream 1.4.0
Installing webrick 1.9.2
Installing ast 2.4.3
Fetching aws-partitions 1.1279.0
Installing aws-eventstream 1.4.0
Fetching jmespath 1.6.2
Installing prism 1.9.0 with native extensions
Fetching bcrypt 3.1.22
Installing jmespath 1.6.2
Installing aws-partitions 1.1279.0
Fetching bindex 0.8.1
Fetching sass 3.4.25
Installing bcrypt 3.1.22 with native extensions
Installing bindex 0.8.1 with native extensions
Fetching uniform_notifier 1.18.0
Fetching cancancan 3.6.1
Installing uniform_notifier 1.18.0
Fetching matrix 0.4.3
Installing cancancan 3.6.1
Fetching regexp_parser 2.12.0
Installing matrix 0.4.3
Fetching cgi 0.5.1
Fetching charlock_holmes 0.7.9
Installing regexp_parser 2.12.0
Installing charlock_holmes 0.7.9 with native extensions
Installing cgi 0.5.1 with native extensions
Fetching chunky_png 1.4.0
Installing sass 3.4.25
Fetching coderay 1.1.3
Fetching rexml 3.4.4
Fetching csv 3.3.6
Installing coderay 1.1.3
Installing rexml 3.4.4
Fetching dante 0.2.0
Fetching declarative 0.0.20
Installing csv 3.3.6
Installing dante 0.2.0
Installing declarative 0.0.20
Installing chunky_png 1.4.0
Fetching diff-lcs 1.6.2
Fetching digest-crc 0.7.0
Fetching ffi 1.17.4 (x86_64-linux-gnu)
Fetching rubyzip 3.5.0
Installing diff-lcs 1.6.2
Installing digest-crc 0.7.0 with native extensions
Fetching json 2.21.2
Installing rubyzip 3.5.0
Fetching forwardable 1.4.0
Fetching singleton 0.3.0
Installing json 2.21.2 with native extensions
Installing forwardable 1.4.0
Installing singleton 0.3.0
Fetching fiddle 1.1.8
Fetching fivemat 1.3.7
Installing fiddle 1.1.8 with native extensions
Installing ffi 1.17.4 (x86_64-linux-gnu)
Installing fivemat 1.3.7
Fetching gender_detector 2.1.0
Fetching text 1.3.1
Fetching gnuplot 2.6.2
Fetching google-logging-utils 0.2.0
Installing gnuplot 2.6.2
Installing google-logging-utils 0.2.0
Installing text 1.3.1
Fetching os 1.1.4
Fetching pstore 0.2.1
Installing gender_detector 2.1.0
Installing os 1.1.4
Installing pstore 0.2.1
Fetching multi_json 1.21.1
Fetching trailblazer-option 0.1.2
Fetching uber 0.1.0
Installing multi_json 1.21.1
Installing trailblazer-option 0.1.2
Installing uber 0.1.0
Fetching retriable 4.2.0
Installing retriable 4.2.0
Fetching google-cloud-errors 1.6.0
Fetching hashdiff 1.2.1
Fetching holidays 11.3.0
Installing google-cloud-errors 1.6.0
Installing hashdiff 1.2.1
Installing holidays 11.3.0
Fetching htmlentities 4.4.2
Fetching ice_cube 0.17.0
Fetching ostruct 0.6.3
Fetching image_processing 2.0.3
Fetching iso_country_codes 0.7.8
Fetching language_server-protocol 3.17.0.6
Installing htmlentities 4.4.2
Installing ice_cube 0.17.0
Installing ostruct 0.6.3
Installing image_processing 2.0.3
Installing iso_country_codes 0.7.8
Fetching lint_roller 1.1.0
Fetching maxmind-db 1.4.0
Installing language_server-protocol 3.17.0.6
Fetching method_source 1.1.0
Installing lint_roller 1.1.0
Installing maxmind-db 1.4.0
Installing method_source 1.1.0
Fetching mini_portile2 2.8.9
Fetching open4 1.3.4
Installing mini_portile2 2.8.9
Fetching parallel 2.1.0
Fetching pg 1.6.3 (x86_64-linux)
Fetching rainbow 3.1.1
Installing open4 1.3.4
Installing parallel 2.1.0
Installing rainbow 3.1.1
Fetching recaptcha 5.21.2
Fetching redcarpet 3.6.1
Fetching redis 4.8.1
Fetching rolify 6.0.1
Installing recaptcha 5.21.2
Installing redcarpet 3.6.1 with native extensions
Fetching rqrcode_core 2.1.0
Installing rolify 6.0.1
Installing redis 4.8.1
Installing rqrcode_core 2.1.0
Fetching rspec-support 3.13.7
Fetching ruby-progressbar 1.13.0
Installing rspec-support 3.13.7
Installing ruby-progressbar 1.13.0
Fetching unicode-emoji 4.2.0
Fetching ruby-ole 1.2.13.1
Fetching vpim 24.2.20
Fetching tilt 2.0.10
Installing unicode-emoji 4.2.0
Installing ruby-ole 1.2.13.1
Installing vpim 24.2.20
Installing tilt 2.0.10
Fetching simplecov 1.0.3
Fetching simplecov-lcov 0.9.0
Installing simplecov-lcov 0.9.0
Installing simplecov 1.0.3
Fetching stripe 13.5.1
Fetching syslog_protocol 0.9.2
Fetching unicode 0.4.4.5
Installing syslog_protocol 0.9.2
Fetching unidecoder 1.1.2
Installing stripe 13.5.1
Installing unicode 0.4.4.5 with native extensions
Fetching will_paginate 4.0.1
Installing unidecoder 1.1.2
Installing will_paginate 4.0.1
Fetching wilson_score 0.1.0
Installing wilson_score 0.1.0
Fetching zip_tricks 5.6.0
Fetching jwt 3.2.0
Installing zip_tricks 5.6.0
Fetching redis-client 0.23.0
Installing jwt 3.2.0
Installing redis-client 0.23.0
Fetching childprocess 5.1.0
Installing childprocess 5.1.0
Fetching dalli 5.1.0
Fetching mini_magick 5.3.3
Installing dalli 5.1.0
Installing mini_magick 5.3.3
Fetching net-http 0.9.1
Fetching websocket-driver 0.8.2
Installing net-http 0.9.1
Installing websocket-driver 0.8.2 with native extensions
Fetching net-protocol 0.1.3
Fetching pp 0.6.4
Installing net-protocol 0.1.3
Installing pp 0.6.4
Fetching addressable 2.9.0
Fetching aws-sigv4 1.12.1
Installing aws-sigv4 1.12.1
Fetching rack-session 1.0.2
Fetching rack-test 2.2.0
Installing addressable 2.9.0
Fetching request_store 1.7.0
Installing rack-session 1.0.2
Fetching rack-utf8_sanitizer 1.11.1
Installing rack-test 2.2.0
Installing request_store 1.7.0
Installing rack-utf8_sanitizer 1.11.1
Fetching mime-types 3.7.0
Fetching i18n 1.15.2
Fetching tzinfo 2.0.6
Fetching flipper 1.3.6
Installing mime-types 3.7.0
Fetching sprockets 3.7.5
Installing i18n 1.15.2
Fetching rackup 1.0.1
Installing rackup 1.0.1
Installing tzinfo 2.0.6
Installing sprockets 3.7.5
Installing pg 1.6.3 (x86_64-linux)
Fetching nokogiri 1.19.4 (x86_64-linux-gnu)
Fetching parser 3.3.12.0
Fetching xml-simple 1.1.9
Fetching prime 0.1.4
Installing xml-simple 1.1.9
Installing prime 0.1.4
Fetching secure_headers 7.3.0
Installing secure_headers 7.3.0
Fetching bootstrap-sass 2.3.2.2
Fetching representable 3.2.0
Fetching ethon 0.16.0
Fetching icalendar 2.12.4
Fetching xapian-full-alaveteli 1.4.31.1
Fetching rqrcode 3.2.0
Installing bootstrap-sass 2.3.2.2
Installing representable 3.2.0
Installing ethon 0.16.0
Installing flipper 1.3.6
Installing icalendar 2.12.4
Fetching sidekiq 6.5.12
Fetching rspec-mocks 3.13.8
Fetching rspec-core 3.13.6
Fetching rspec-expectations 3.13.5
Fetching puma 8.0.2
Installing parser 3.3.12.0
Installing rqrcode 3.2.0
Installing rspec-mocks 3.13.8
Installing rspec-expectations 3.13.5
Installing rspec-core 3.13.6
Fetching unicode-display_width 3.2.0
Fetching reline 0.6.3
Installing unicode-display_width 3.2.0
Installing puma 8.0.2 with native extensions
Installing sidekiq 6.5.12
Installing reline 0.6.3
Fetching redlock 2.0.6
Fetching faraday-net_http 3.4.4
Fetching net-pop 0.1.2
Installing redlock 2.0.6
Installing faraday-net_http 3.4.4
Installing net-pop 0.1.2
Fetching net-smtp 0.5.1
Fetching launchy 3.1.1
Installing net-smtp 0.5.1
Installing launchy 3.1.1
Fetching stripe-ruby-mock 5.0.0
Fetching net-imap 0.6.6
Fetching fast_gettext 4.1.1
Fetching typhoeus 1.4.1
Fetching locale 2.1.5
Installing fast_gettext 4.1.1
Installing typhoeus 1.4.1
Installing stripe-ruby-mock 5.0.0
Fetching pry 0.16.0
Installing locale 2.1.5
Installing net-imap 0.6.6
Installing pry 0.16.0
Fetching gettext_i18n_rails 2.2.0
Installing gettext_i18n_rails 2.2.0
Fetching sidekiq-limit_fetch 4.4.1
Installing sidekiq-limit_fetch 4.4.1
Installing nokogiri 1.19.4 (x86_64-linux-gnu)
Fetching gettext 3.5.2
Fetching mail 2.8.1
Installing gettext 3.5.2
Installing mail 2.8.1
Installing xapian-full-alaveteli 1.4.31.1 with native extensions
Fetching loofah 2.25.2
Fetching xpath 3.2.0
Fetching compare-xml 1.0.0
Fetching rubyXL 3.4.38
Installing loofah 2.25.2
Installing xpath 3.2.0
Installing compare-xml 1.0.0
Fetching rails-html-sanitizer 1.7.1
Fetching capybara 3.40.0
Installing rails-html-sanitizer 1.7.1
Installing capybara 3.40.0
Installing rubyXL 3.4.38
Fetching aws-sdk-core 3.254.1
Fetching crack 1.0.1
Fetching money 7.1.1
Installing crack 1.0.1
Installing aws-sdk-core 3.254.1
Fetching webmock 3.26.2
Installing money 7.1.1
Installing webmock 3.26.2
Fetching aws-sdk-kms 1.130.0
Installing aws-sdk-kms 1.130.0
Fetching aws-sdk-s3 1.229.0
Installing aws-sdk-s3 1.229.0
Fetching faraday 2.14.3
Installing faraday 2.14.3
Fetching faraday-follow_redirects 0.5.0
Fetching faraday-typhoeus 1.1.0
Fetching google-cloud-env 2.3.1
Fetching signet 0.22.0
Installing faraday-follow_redirects 0.5.0
Installing faraday-typhoeus 1.1.0
Fetching ollama-ai 1.3.0
Installing google-cloud-env 2.3.1
Fetching google-cloud-core 1.9.0
Installing signet 0.22.0
Fetching googleauth 1.17.1
Installing ollama-ai 1.3.0
Installing google-cloud-core 1.9.0
Installing googleauth 1.17.1
Fetching google-apis-core 1.2.4
Installing google-apis-core 1.2.4
Fetching google-apis-iamcredentials_v1 0.28.0
Fetching google-apis-storage_v1 0.64.0
Installing google-apis-iamcredentials_v1 0.28.0
Installing google-apis-storage_v1 0.64.0
Fetching minitest 6.0.6
Fetching rbs 4.1.2
Fetching rubocop-ast 1.50.0
Installing minitest 6.0.6
Fetching activesupport 8.0.5.1
Installing rubocop-ast 1.50.0
Installing activesupport 8.0.5.1
Fetching rubocop 1.89.0
Installing rbs 4.1.2 with native extensions
Installing rubocop 1.89.0
Fetching rails-dom-testing 2.3.0
Fetching globalid 1.4.0
Fetching activemodel 8.0.5.1
Fetching bullet 8.1.3
Fetching factory_bot 6.5.5
Installing rails-dom-testing 2.3.0
Installing globalid 1.4.0
Installing activemodel 8.0.5.1
Installing bullet 8.1.3
Fetching actionview 8.0.5.1
Installing factory_bot 6.5.5
Fetching activejob 8.0.5.1
Installing activejob 8.0.5.1
Installing actionview 8.0.5.1
Fetching activerecord 8.0.5.1
Fetching active_model_otp 2.3.4
Fetching rspec-activemodel-mocks 1.3.0
Fetching activejob-uniqueness 0.4.0
Installing active_model_otp 2.3.4
Installing rspec-activemodel-mocks 1.3.0
Installing activejob-uniqueness 0.4.0
Installing activerecord 8.0.5.1
Fetching actionpack 8.0.5.1
Installing actionpack 8.0.5.1
Fetching actioncable 8.0.5.1
Fetching actionmailer 8.0.5.1
Fetching rails-controller-testing 1.0.5
Fetching sprockets-rails 3.4.2
Installing actioncable 8.0.5.1
Installing actionmailer 8.0.5.1
Installing sprockets-rails 3.4.2
Installing rails-controller-testing 1.0.5
Fetching exception_notification 5.0.1
Installing exception_notification 5.0.1
Fetching activestorage 8.0.5.1
Fetching flipper-active_record 1.3.6
Fetching annotaterb 4.24.0
Fetching friendly_id 5.7.0
Fetching globalize 7.1.3
Installing activestorage 8.0.5.1
Installing flipper-active_record 1.3.6
Installing annotaterb 4.24.0
Installing friendly_id 5.7.0
Installing globalize 7.1.3
Fetching rubocop-performance 1.27.0
Fetching rubocop-rails 2.37.0
Installing rubocop-performance 1.27.0
Fetching actionmailbox 8.0.5.1
Fetching actiontext 8.0.5.1
Installing rubocop-rails 2.37.0
Installing actionmailbox 8.0.5.1
Installing actiontext 8.0.5.1
Fetching rdoc 8.0.0
Installing rdoc 8.0.0
Fetching irb 1.18.0
Installing irb 1.18.0
Fetching railties 8.0.5.1
Installing railties 8.0.5.1
Fetching rails 8.0.5.1
Fetching factory_bot_rails 6.5.1
Fetching fancybox-rails 0.3.1
Fetching importmap-rails 2.2.3
Fetching jquery-rails 4.6.1
Fetching jquery-ui-rails 6.0.1
Fetching rails-i18n 8.1.0
Fetching rspec-rails 8.0.4
Fetching sass-rails 5.0.8
Fetching stimulus-rails 1.3.4
Fetching turbo-rails 2.0.23
Fetching web-console 4.3.0
Installing rails 8.0.5.1
Installing factory_bot_rails 6.5.1
Installing fancybox-rails 0.3.1
Installing importmap-rails 2.2.3
Installing jquery-rails 4.6.1
Installing jquery-ui-rails 6.0.1
Installing rails-i18n 8.1.0
Installing rspec-rails 8.0.4
Installing sass-rails 5.0.8
Installing stimulus-rails 1.3.4
Installing web-console 4.3.0
Installing turbo-rails 2.0.23
Fetching google-cloud-storage 1.62.0
Installing google-cloud-storage 1.62.0
Bundle complete! 101 Gemfile dependencies, 238 gems now installed.
Bundled gems are installed into `/bundle/vendor`
Post-install message from icalendar:
ActiveSupport is required for TimeWithZone support, but not required for general use.
2 installed gems you directly depend on are looking for funding.
  Run `bundle fund` for details
[32mdone[0m
[33mSwitching to alavetelitheme...[0m [32mdone[0m
[33mMigrating development and test databases...[0m psql:/alaveteli/db/structure.sql:4: ERROR:  unrecognized configuration parameter "transaction_timeout"
bin/rails aborted!
failed to execute:
psql --set ON_ERROR_STOP=1 --quiet --no-psqlrc --output /dev/null --file /alaveteli/db/structure.sql alaveteli_test

Please check the output above for any errors and make sure that `psql` is installed in your PATH and has proper permissions.


Tasks: TOP => db:migrate
(See full trace by running task with --trace)
[32mdone[0m
[33mLoading sample data...[0m [32mdone[0m
[33mRemoving external requests...[0m [32mdone[0m
[33mRebuilding Xapian index...[0m [32mdone[0m
[32mSetup finished[0m
